Distrito;Descripcio;TotalTrips;Trips_App;Trips_Autobus;Trips_Autobus_RTP_M1;Trips_Automovil;Trips_Bicicleta;Trips_Bicitaxi;Trips_Caminar;Trips_Colectivo_Micro;Trips_Metro;Trips_Metrobus_Mexibus;Trips_Mexicable;Trips_Moto;Trips_Mototaxi;Trips_Otro;Trips_Taxi;Trips_TransporteDePersonal;Trips_TransporteEscolar;Trips_TrenLigero;Trips_TrenSuburbano;Trips_Trolebus;TravelTime_App;TravelTime_Autobus;TravelTime_Autobus_RTP_M1;TravelTime_Automovil;TravelTime_Bicicleta;TravelTime_Bicitaxi;TravelTime_Caminar;TravelTime_Colectivo_Micro;TravelTime_Metro;TravelTime_Metrobus_Mexibus;TravelTime_Mexicable;TravelTime_Moto;TravelTime_Mototaxi;TravelTime_Otro;TravelTime_Taxi;TravelTime_TransporteDePersonal;TravelTime_TransporteEscolar;TravelTime_TrenLigero;TravelTime_TrenSuburbano;TravelTime_Trolebus;TotalPeople;Age;TotalEducation_High;TotalEducation_Low;TotalEducation_Medium;Total_Female;Total_Male;Total_Homes;Homes_With_Cars;Homes_With_Motorbikes;Homes_With_Bicycles;Cars_mean;Motorbikes_mean;Bicycles_mean
001;Centro Histórico;22428;56;327;175;1276;83;15;9264;4495;5297;558;0;68;18;3;427;1;8;62;111;184;32.19642857142857;54.932721712538225;40.25714285714286;62.06191222570533;26.27710843373494;11.933333333333334;10.1323402417962;38.3301446051168;37.49612988484048;34.11469534050179;0;34.55882352941177;9.166666666666666;41;25.470725995316158;40;20.625;35.725806451612904;27.92792792792793;31.706521739130434;898;36.48552338530067;180;442;236;475;423;315;46;13;40;0.1523809523809524;0.15873015873015872;0.15873015873015872
002;Buenavista-Reforma;10748;68;209;101;1238;74;2;4414;1741;1725;727;1;64;10;3;205;5;9;12;115;25;32.205882352941174;45.301435406698566;31.613861386138613;52.15751211631664;21.93243243243243;7.5;9.65700045310376;34.75933371625503;39.69565217391305;31.983493810178818;20;28.75;7.2;90;24.341463414634145;69;42.77777777777778;30.833333333333332;27.278260869565216;38.2;858;38.12354312354312;326;302;194;438;420;311;129;29;71;0.5080385852090032;0.3440514469453376;0.3440514469453376
003;Tlatelolco;5327;15;146;92;415;53;4;2535;766;793;130;1;39;4;0;166;1;8;4;14;141;39.333333333333336;37.054794520547944;25.5;42.66987951807229;19.566037735849058;8.75;10.806311637080867;34.05352480417755;35.73770491803279;33.86153846153846;25;22.564102564102566;10;0;22.46385542168675;45;33.125;25;24.642857142857142;22.70921985815603;856;36.725467289719624;165;392;259;440;416;285;86;14;33;0.3157894736842105;0.12631578947368421;0.12631578947368421
004;Morelos;6586;21;169;62;619;64;0;3161;1045;987;134;0;43;1;9;230;4;12;4;10;11;36.666666666666664;41.603550295857985;30.016129032258064;45.04038772213247;21.09375;0;11.242644732679532;34.756937799043065;34.54407294832827;29.044776119402986;0;22.162790697674417;15;21.666666666666668;21.786956521739132;45;23.333333333333332;22.5;31.5;15;969;36.85345717234262;227;429;277;503;466;284;112;32;72;0.47183098591549294;0.3204225352112676;0.3204225352112676
005;Moctezuma, Terminal de Autobuses de Oriente (TAPO);5259;18;166;47;593;23;3;2545;801;671;145;0;23;4;5;177;1;11;1;9;16;37.5;34.28915662650602;28.617021276595743;37.45193929173693;22.47826086956522;16.666666666666668;9.412573673870334;30.752808988764045;34.46646795827124;31.193103448275863;0;37.78260869565217;7.5;32;20.062146892655367;90;31.363636363636363;30;28.88888888888889;21.5625;969;39.81011351909185;218;446;265;513;456;287;110;9;48;0.42160278745644597;0.23693379790940766;0.23693379790940766
006;Balbuena;7174;32;95;63;760;59;2;3178;1324;1202;111;1;29;14;3;219;1;3;15;15;48;26.09375;50.410526315789475;33.23809523809524;44.26578947368421;18.1864406779661;5;10.0254877281309;33.644259818731115;34.50332778702163;30.864864864864863;23;33.6551724137931;10.785714285714286;15;21.19178082191781;40;18.666666666666668;28.866666666666667;26.333333333333332;20.604166666666668;844;39.91350710900474;273;283;257;446;398;281;103;8;40;0.5088967971530249;0.19217081850533807;0.19217081850533807
007;Obrera;7207;16;83;25;556;40;4;3613;1006;1399;135;0;39;7;0;156;1;2;7;21;97;26.4375;49.87951807228916;35;49.68345323741007;14.825;8.75;8.932466094658178;33.5168986083499;35.64188706218728;33.11851851851852;0;37.43589743589744;10.714285714285714;0;24.044871794871796;70;12.5;25.714285714285715;29.285714285714285;25.54639175257732;906;36.41280353200883;227;383;252;470;436;294;88;12;36;0.3197278911564626;0.13945578231292516;0.13945578231292516
008;Condesa;8999;99;84;45;1364;131;0;3745;1245;1430;542;0;34;9;4;177;0;14;12;33;31;36.14141414141414;55.11904761904762;37.977777777777774;44.68255131964809;22.045801526717558;0;10.69506008010681;36.29718875502008;40.73566433566434;38.49077490774908;0;39.970588235294116;7.777777777777778;10;25.096045197740114;0;46.07142857142857;35;28.09090909090909;27.741935483870968;767;40.57496740547588;443;173;131;375;392;304;174;16;87;0.7335526315789473;0.4309210526315789;0.4309210526315789
009;Nápoles;4837;51;50;24;1062;42;1;1775;708;532;404;0;22;3;1;119;3;12;5;9;14;34.15686274509804;46.8;36.875;45.34180790960452;22.785714285714285;5;9.954929577464789;36.50847457627118;39.776315789473685;37.04455445544554;0;29.545454545454547;8.333333333333334;60;25.436974789915965;56.666666666666664;56.666666666666664;34;32.22222222222222;31.071428571428573;634;42.89905362776025;433;102;88;355;279;286;206;15;55;0.9020979020979021;0.26573426573426573;0.26573426573426573
010;Vertiz Narvarte;4209;45;30;9;673;27;0;1854;537;617;209;0;13;0;0;115;1;6;3;3;67;35.333333333333336;45.5;28.88888888888889;38.39524517087667;24.25925925925926;0;9.54099244875944;32.64059590316574;35.51863857374392;33.45933014354067;0;26.153846153846153;0;0;25.026086956521738;15;37.5;26.666666666666668;21.666666666666668;28;726;41.96143250688705;355;163;182;377;349;282;159;9;37;0.6666666666666666;0.1879432624113475;0.1879432624113475
011;Reforma Iztaccíhuatl;3343;28;45;26;483;26;5;1411;574;439;145;0;20;4;6;105;0;9;4;6;7;33.57142857142857;55.55555555555556;28.384615384615383;42.542443064182194;24.807692307692307;9;10.445074415308293;25.536585365853657;34.46013667425968;31.489655172413794;0;31.75;10;56.666666666666664;24.771428571428572;0;32.22222222222222;33.75;30.833333333333332;37.142857142857146;860;40.22790697674419;323;269;246;470;390;290;139;16;39;0.6344827586206897;0.16551724137931034;0.16551724137931034
012;Palacio de los Deportes;6205;14;57;63;630;74;0;2720;1455;762;191;0;20;3;4;187;1;3;7;10;4;35.714285714285715;50.43859649122807;34.22222222222222;42.60476190476191;19.95945945945946;0;10.654779411764705;23.846735395189004;30.31496062992126;26.869109947643977;0;29;11.666666666666666;26.25;20.74866310160428;30;36.666666666666664;32.857142857142854;28.5;20;1008;38.351190476190474;196;502;271;528;480;296;103;15;68;0.3952702702702703;0.2972972972972973;0.2972972972972973
013;San Andrés Tetepilco;4977;23;51;53;770;57;2;2165;959;589;27;0;28;13;3;180;0;9;11;4;33;35.65217391304348;59.90196078431372;34.698113207547166;38.53506493506494;20.087719298245613;15;9.866050808314087;27.715328467153284;33.34634974533107;23.333333333333332;0;24.214285714285715;10;13.333333333333334;20.083333333333332;0;20;36.81818181818182;22.5;23.181818181818183;873;38.289805269186715;289;354;192;454;419;279;147;12;45;0.6738351254480287;0.20430107526881722;0.20430107526881722
014;Portales;6079;54;57;65;1049;33;0;2237;1181;997;80;0;17;5;1;192;2;5;9;11;84;30;50.35087719298246;37.53846153846154;42.46425166825548;26.96969696969697;0;9.802860974519445;34.10584250635055;37.3420260782347;28.3375;0;38.8235294117647;8;20;26.614583333333332;40;32;41.111111111111114;25;24.94047619047619;713;43.06311360448808;386;159;147;357;356;278;157;7;47;0.697841726618705;0.23741007194244604;0.23741007194244604
015;Del Valle;8777;103;119;70;1817;51;6;3057;1486;1248;414;0;39;12;4;232;0;27;15;20;57;29.854368932038835;44.95798319327731;41.27142857142857;44.99834892680242;26.96078431372549;13.666666666666666;10.025842329080799;35.270524899057875;40.37820512820513;35.32367149758454;0;34.76923076923077;8.333333333333334;12;23.780172413793103;0;49.44444444444444;32.333333333333336;35;22.982456140350877;765;41.89411764705882;466;130;147;406;359;299;211;13;30;0.9698996655518395;0.15719063545150502;0.15719063545150502
016;Chapultepec-Polanco;13259;142;229;185;2490;75;4;4670;2883;1967;154;0;61;7;1;278;3;36;15;35;24;39.021126760563384;51.13973799126637;35.4054054054054;54.028112449799195;27.28;9.25;10.084154175588866;37.56919875130073;45.78342653787494;37.95454545454545;0;39.22950819672131;7.857142857142857;90;27.194244604316548;53.333333333333336;47.77777777777778;33.666666666666664;26.771428571428572;34.583333333333336;647;42.51159196290572;361;107;164;341;306;287;193;8;26;0.8048780487804879;0.10801393728222997;0.10801393728222997
017;Panteones;4405;22;126;28;600;41;0;1993;818;559;27;0;20;0;2;128;0;1;7;17;16;23.636363636363637;36.25396825396825;36.42857142857143;42.70166666666667;24.146341463414632;0;10.216256899147014;29.816625916870414;34.849731663685155;36.2962962962963;0;29.25;0;5;20.4921875;0;30;30;26.352941176470587;24.6875;851;38.19976498237368;201;362;259;413;438;280;130;17;45;0.5214285714285715;0.2357142857142857;0.2357142857142857
018;Tezozómoc;3951;24;76;34;571;81;23;1706;890;334;25;0;11;0;0;144;1;4;1;9;17;39.375;52.26315789473684;19.735294117647058;38.591943957968475;19.641975308641975;8.08695652173913;10.545720984759672;27.175280898876405;36.49101796407186;30.6;0;32.27272727272727;0;0;22.368055555555557;10;18.75;20;22.22222222222222;22.647058823529413;1046;37.59655831739962;265;492;260;546;500;295;136;10;96;0.576271186440678;0.5016949152542373;0.5016949152542373
019;El Rosario;4511;16;86;32;478;27;1;1710;991;634;208;0;27;0;0;206;5;1;1;32;56;39.0625;60.604651162790695;29.6875;43.53347280334728;30.925925925925927;10;12.14970760233918;33.38950554994955;45.41955835962145;33.36538461538461;0;40.925925925925924;0;0;22.45631067961165;34;55;25;26.71875;21.839285714285715;948;39.10232067510549;193;414;310;510;438;299;108;11;69;0.4180602006688963;0.3311036789297659;0.3311036789297659
020;Industrial Vallejo;7869;27;238;74;1036;55;12;3191;1657;821;269;1;49;14;12;259;4;8;6;65;71;35.629629629629626;40.6890756302521;31.513513513513512;39.536679536679536;26.30909090909091;8.75;9.836414916953933;33.862401931200964;39.64311814859927;30.37174721189591;20;26.693877551020407;12.142857142857142;47.75;19.28185328185328;37.5;35.625;28.333333333333332;24.615384615384617;26.943661971830984;909;38.993399339933994;320;309;239;489;420;291;156;13;55;0.7044673539518901;0.29553264604810997;0.29553264604810997
021;La Raza;5899;38;179;103;731;40;0;2557;1034;798;112;0;19;3;1;207;6;8;9;28;26;31.105263157894736;38.75977653631285;32.43689320388349;41.58686730506156;19.925;0;9.603441533046539;32.975822050290134;36.290726817042604;28.580357142857142;0;27.42105263157895;9;45;23.019323671497585;45;39.875;30.555555555555557;26.285714285714285;27.23076923076923;795;40.944654088050314;282;267;218;418;377;277;122;9;51;0.516245487364621;0.26714801444043323;0.26714801444043323
022;Cuautepec;3377;3;14;145;325;20;0;1574;845;144;74;0;13;0;0;197;0;3;1;2;17;66.66666666666667;88.57142857142857;40.12413793103448;36.08;36.15;0;13.761118170266837;39.82958579881657;34.875;34.7027027027027;0;32.30769230769231;0;0;18.598984771573605;0;43.333333333333336;30;20;30.294117647058822;1102;33.86116152450091;92;686;265;564;538;293;97;14;15;0.39590443686006827;0.05802047781569966;0.05802047781569966
023;Reclusorio Norte;3780;10;41;109;490;5;2;1802;869;179;68;0;25;2;0;135;2;4;0;6;31;34.8;50.073170731707314;38.07339449541284;41.255102040816325;42;15;13.25527192008879;34.87111622554661;38.63128491620112;34.69117647058823;0;29.8;6.5;0;27.77037037037037;120;42.5;0;16.666666666666668;35.774193548387096;998;37.08216432865731;212;505;241;540;458;293;129;20;37;0.5699658703071673;0.20477815699658702;0.20477815699658702
024;Ticomán;3037;2;20;35;173;11;0;1356;981;211;30;1;19;0;0;179;5;9;0;0;5;27.5;70.25;42.57142857142857;35.6242774566474;35;0;15.057522123893806;36.27217125382263;41.47867298578199;30.5;20;15.263157894736842;0;0;16.558659217877096;62;41.111111111111114;0;0;27;1123;32.32502226179875;88;727;242;568;555;302;65;9;11;0.23841059602649006;0.03642384105960265;0.03642384105960265
025;Nueva Industrial Vallejo;5482;21;107;66;663;22;15;2121;1427;467;263;0;43;17;2;155;1;32;3;24;33;41.42857142857143;50.48598130841121;33.333333333333336;40.965309200603315;15.5;14;11.406412069778407;31.194113524877366;40.78586723768736;35.08365019011407;0;21.976744186046513;12.352941176470589;60;23.18709677419355;60;39.0625;23;20.083333333333332;26.515151515151516;950;38.333684210526314;289;391;235;521;429;293;113;10;39;0.48464163822525597;0.15699658703071673;0.15699658703071673
026;Instituto Politécnico, Terminal de Autobuses del Norte;7773;25;147;74;1240;40;2;3172;1261;868;469;0;36;10;4;274;1;30;3;29;88;32;54.197278911564624;41.689189189189186;38.67903225806452;20.875;10;10.291614123581336;34.044409199048374;40.39055299539171;27.64818763326226;0;21.77777777777778;8.5;56.25;22.277372262773724;55;43.1;16.666666666666668;24.344827586206897;27.147727272727273;873;40.59450171821306;306;310;234;455;418;285;148;9;36;0.7403508771929824;0.15087719298245614;0.15087719298245614
027;Tepeyac;4113;4;120;55;365;11;0;2187;796;297;115;3;7;1;7;119;1;15;2;4;4;20.5;59.458333333333336;31.818181818181817;38.172602739726024;23.181818181818183;0;11.013260173754;30.12939698492462;39.282828282828284;28.62608695652174;20;31.428571428571427;10;22.857142857142858;19.22689075630252;90;42;27.5;26.25;17.5;1044;38.12643678160919;175;553;272;577;467;300;107;6;22;0.42;0.08;0.08
028;La Villa;5149;34;113;70;775;29;3;2212;916;474;161;6;28;1;4;247;1;20;3;14;38;33.088235294117645;51.2212389380531;33.57142857142857;37.55483870967742;20.103448275862068;10;10.816003616636529;31.6353711790393;35.22362869198312;28.838509316770185;17.5;31.178571428571427;5;60;20.842105263157894;30;45;30;22.5;24.68421052631579;823;41.28068043742406;318;243;240;468;355;277;131;16;60;0.5812274368231047;0.3140794223826715;0.3140794223826715
029;Nueva Atzacoalco;4411;9;46;12;452;51;2;2443;532;289;396;1;26;0;10;107;1;12;3;0;19;25;45.869565217391305;20.833333333333332;36.51327433628319;17.19607843137255;5;10.369627507163324;25.116541353383457;40.865051903114185;28.921717171717173;15;23.26923076923077;0;17;24.11214953271028;80;31.25;33.333333333333336;0;35.421052631578945;968;37.03305785123967;200;433;299;491;477;294;104;13;54;0.41836734693877553;0.24149659863945577;0.24149659863945577
030;San Felipe de Jesús;4062;9;19;14;441;157;28;1921;906;224;111;0;24;12;1;146;3;9;1;0;36;34.333333333333336;56.36842105263158;42.5;38.19954648526077;17.070063694267517;11.178571428571429;10.611140031233733;25.37858719646799;32.74107142857143;32.387387387387385;0;22.916666666666668;11.25;30;20.84931506849315;36.666666666666664;25.444444444444443;30;0;38.75;1001;36.77522477522478;168;555;239;530;471;293;104;17;96;0.4061433447098976;0.447098976109215;0.447098976109215
031;Deportivo los Galeana;4556;9;43;18;528;51;7;2316;634;314;377;0;31;12;4;176;0;6;0;3;27;30.22222222222222;36.116279069767444;40.55555555555556;38.547348484848484;19.313725490196077;14.285714285714286;10.010362694300518;25.913249211356465;33.468152866242036;30.583554376657826;0;49.29032258064516;9.583333333333334;5;23.0625;0;29.166666666666668;0;25;32.407407407407405;1088;37.81341911764706;188;507;347;556;532;297;133;18;110;0.5420875420875421;0.5218855218855218;0.5218855218855218
032;Bondojito;4144;32;95;70;602;64;3;1856;535;397;213;0;34;7;3;189;3;16;1;2;22;27.5625;39.10526315789474;26.014285714285716;38.888704318936874;19.15625;8.333333333333334;10.144396551724139;29.893457943925235;35.123425692695214;25.093896713615024;0;30.88235294117647;9.428571428571429;36.666666666666664;21.06878306878307;83.33333333333333;32.375;40;32.5;26.59090909090909;914;39.854485776805255;237;404;246;492;422;287;119;14;34;0.4738675958188153;0.156794425087108;0.156794425087108
033;San Juan de Aragón;4060;17;46;79;661;19;25;1653;723;501;84;0;18;46;0;154;3;17;3;5;6;41.470588235294116;53.34782608695652;37.89873417721519;40.508320726172464;21.57894736842105;13;9.759225650332729;24.968188105117566;35.01796407185629;31.904761904761905;0;34.44444444444444;9.76086956521739;0;22.603896103896105;130;33.411764705882355;18.333333333333332;27;35.833333333333336;1017;40.3716814159292;283;421;284;513;504;304;153;7;49;0.625;0.22697368421052633;0.22697368421052633
034;Aeropuerto Internacional de la Ciudad de México;597;4;3;11;120;1;0;196;140;80;16;0;2;1;3;19;0;0;1;0;0;42.5;38.333333333333336;22.09090909090909;54.416666666666664;10;0;9.806122448979592;38.91428571428571;34.3125;36.25;0;30;10;110;31.63157894736842;0;0;35;0;0;NA;NA;NA;NA;NA;NA;NA;NA;NA;NA;NA;NA;NA;NA
035;Pantitlán;5085;4;99;100;492;51;14;2481;1005;582;66;0;28;15;6;111;0;11;8;5;7;33.75;36.898989898989896;27;38.642276422764226;19.235294117647058;8.571428571428571;10.992744860943167;27.933333333333334;38.36426116838488;32.015151515151516;0;26.607142857142858;8;57.5;23.74774774774775;0;36.81818181818182;35.375;26;14.285714285714286;968;36.18388429752066;184;450;294;520;448;287;112;7;66;0.445993031358885;0.27177700348432055;0.27177700348432055
036;Zaragoza;3485;10;25;17;413;16;21;1678;608;475;52;0;30;14;0;113;0;6;3;3;1;26.3;55.6;41;36.16222760290557;18.1875;9.285714285714286;10.678784266984506;34.33717105263158;33.31368421052632;30.673076923076923;0;26.166666666666668;9.214285714285714;0;18.061946902654867;0;30;25;23.333333333333332;40;865;39.19190751445087;227;321;273;441;424;288;129;12;67;0.5243055555555556;0.2916666666666667;0.2916666666666667
037;UPIICSA;5157;15;49;48;624;23;2;2314;1219;407;272;0;21;5;2;139;0;1;4;5;7;35;53.265306122448976;32.291666666666664;40.344551282051285;23.695652173913043;5;10.195764909248055;27.94011484823626;33.351351351351354;33.794117647058826;0;21.904761904761905;11;15;22.66906474820144;0;60;32.5;30;18.571428571428573;1010;39.20891089108911;242;429;299;537;473;300;133;12;39;0.53;0.15666666666666668;0.15666666666666668
038;Central de Abastos;6761;18;66;133;1001;66;2;2823;1793;275;292;0;33;6;12;224;0;2;4;6;5;34.27777777777778;39.803030303030305;46.31578947368421;40.973026973026975;21.606060606060606;5;10.839886645412681;31.259341885108757;32.82909090909091;33.715753424657535;0;31.757575757575758;7.5;38.333333333333336;26.776785714285715;0;40;26.25;35.833333333333336;42;1081;37.40703052728955;207;541;293;563;518;300;123;8;69;0.47333333333333333;0.2866666666666667;0.2866666666666667
039;UAM Iztapalapa;5524;13;54;65;532;50;1;2820;1286;448;45;0;11;3;0;183;0;0;6;5;2;31.153846153846153;39.53703703703704;38.89230769230769;37.08458646616541;20.56;5;10.596808510638297;27.444790046656298;40.046875;34.111111111111114;0;24.545454545454547;6.333333333333333;0;19;0;0;22.5;20;17.5;1063;34.7140169332079;187;508;317;550;513;311;122;14;73;0.4437299035369775;0.33440514469453375;0.33440514469453375
040;Escuadrón 201;4840;19;36;71;744;52;1;2201;1037;491;15;0;24;1;0;131;1;10;0;1;5;23.36842105263158;51.52777777777778;33.15492957746479;36.043010752688176;22.115384615384617;10;11.835529304861426;28.074252651880425;32.84114052953157;32;0;23.375;15;0;22.259541984732824;60;26;0;40;26;961;40.700312174817896;233;410;292;513;448;307;136;17;49;0.5928338762214984;0.21498371335504887;0.21498371335504887
041;Parque Cerro de la Estrella;4787;7;29;27;497;28;2;2243;1234;492;12;0;20;3;1;175;2;5;2;5;3;59.285714285714285;50.3448275862069;47.592592592592595;40.13682092555332;24.464285714285715;12.5;11.920196165849308;25.21555915721232;36.44308943089431;20;0;27;18.333333333333332;5;23.268571428571427;35;28;32.5;31;40;1049;34.734032411820785;162;536;304;537;512;295;111;16;22;0.44745762711864406;0.0847457627118644;0.0847457627118644
042;Lomas Estrella;3503;8;21;31;307;24;2;1454;1090;400;20;0;21;3;0;108;0;4;2;2;6;44.625;55.857142857142854;51.774193548387096;44.17915309446254;19.791666666666668;3;11.12585969738652;24.581651376146787;40.88;18.65;0;31.904761904761905;15;0;25.64814814814815;0;36.25;20;27.5;27.5;937;34.613660618996796;213;366;308;476;461;278;112;16;48;0.4712230215827338;0.20863309352517986;0.20863309352517986
043;Canal Nacional;4803;10;41;85;707;34;3;2056;1176;404;17;0;19;7;1;198;2;17;12;4;10;34.5;46.951219512195124;44;41.36209335219236;18.147058823529413;6.666666666666667;10.608949416342412;28.767006802721088;37.21534653465346;31.235294117647058;0;33.05263157894737;7;15;23.525252525252526;55;38.23529411764706;26.666666666666668;28.75;37.5;900;37.99444444444445;270;348;256;471;429;281;143;10;46;0.6263345195729537;0.2526690391459075;0.2526690391459075
044;Coapa;6172;48;23;43;1750;21;2;1961;1655;264;21;0;38;4;2;223;0;20;83;3;11;39.791666666666664;48.130434782608695;51.395348837209305;37.517714285714284;23.61904761904762;6;10.273839877613463;32.41631419939577;37.75757575757576;27.142857142857142;0;26.31578947368421;10;10;28.026905829596412;0;28.75;23.120481927710845;46.666666666666664;33.63636363636363;889;42.2384701912261;467;197;197;477;412;295;216;12;42;1.1389830508474577;0.17288135593220338;0.17288135593220338
045;Culhuacán CTM;4527;17;36;54;1113;36;1;1528;1136;318;21;0;20;7;2;155;3;9;22;4;45;35.294117647058826;47.666666666666664;34.851851851851855;38.63971248876909;18.055555555555557;10;10.80890052356021;28.79049295774648;37.660377358490564;31.095238095238095;0;34;10;21.5;27.193548387096776;75;18.333333333333332;23.40909090909091;30;31.333333333333332;876;41.5;392;228;240;449;427;281;188;16;35;0.9145907473309609;0.17437722419928825;0.17437722419928825
046;Campestre Churubusco, Terminal de Autobuses Taxqueña;5330;24;52;43;880;41;3;2026;1311;658;26;0;19;11;3;155;2;15;18;4;39;34.333333333333336;53.42307692307692;31.906976744186046;36.52272727272727;15.463414634146341;8.333333333333334;10.890424481737414;30.09916094584287;38.193009118541035;32.69230769230769;0;29.736842105263158;10;31.666666666666668;25.61935483870968;55;30;36.388888888888886;22.5;26.794871794871796;968;39.92355371900826;284;417;238;534;434;293;162;12;29;0.78839590443686;0.12286689419795221;0.12286689419795221
047;Viveros;8315;62;114;74;1680;36;5;2901;1788;989;216;0;28;14;2;233;0;50;23;14;86;37.516129032258064;43.824561403508774;35.74324324324324;40.454166666666666;34.083333333333336;10;10.527404343329886;35.19463087248322;41.60060667340748;33.68055555555556;0;27.5;8.214285714285714;50;26.17167381974249;0;37.34;34.56521739130435;27.857142857142858;24.941860465116278;844;40.86611374407583;515;179;128;438;406;308;217;7;41;0.9448051948051948;0.21428571428571427;0.21428571428571427
048;Pedregal de Santo Domingo;4739;11;32;20;455;37;3;2163;1146;501;53;0;16;15;1;204;12;52;7;2;9;24.09090909090909;57.53125;39.5;43.89670329670329;26.594594594594593;13.333333333333334;10.76005547850208;25.23123909249564;39.778443113772454;33.20754716981132;0;28.125;9.666666666666666;30;18.936274509803923;15;20.576923076923077;26.428571428571427;25;32.22222222222222;1005;37.00099502487562;228;489;249;540;465;303;108;10;51;0.40264026402640263;0.2376237623762376;0.2376237623762376
049;Xotepingo;5124;8;43;23;678;55;2;2236;1343;278;30;0;23;8;3;298;1;33;54;5;3;34.5;47.2093023255814;48.91304347826087;36.96607669616519;19.21818181818182;10;11.16726296958855;28.249441548771408;42.10431654676259;31.833333333333332;0;23.91304347826087;8.125;30;20.751677852348994;20;29.151515151515152;25.555555555555557;22;22.666666666666668;1000;38.226;258;417;286;536;464;286;143;14;66;0.5909090909090909;0.32867132867132864;0.32867132867132864
050;Estadio Azteca;4095;23;99;23;722;20;1;1629;952;259;46;0;12;2;0;197;0;11;88;5;6;35.95652173913044;35.78787878787879;44.56521739130435;39.350415512465375;20.75;10;10.779005524861878;29.993697478991596;41.915057915057915;38.630434782608695;0;30;10;0;25.878172588832488;0;23.181818181818183;24.75;30;20.833333333333332;789;42.164765525982254;387;195;186;409;380;301;176;2;23;0.7375415282392026;0.09634551495016612;0.09634551495016612
051;Ciudad Universitaria;9841;45;211;109;2033;35;3;3335;2262;979;343;0;39;8;1;223;6;153;13;21;22;39.666666666666664;43.322274881516584;48.95412844036697;44.495327102803735;34.17142857142857;8.333333333333334;10.443478260869565;37.09372236958444;51.070480081716035;33.17201166180758;0;31.666666666666668;11.5;40;24.430493273542602;45.833333333333336;22.562091503267975;31.53846153846154;25.761904761904763;32.72727272727273;893;42.16573348264278;429;220;224;483;410;279;214;15;23;1.5304659498207884;0.0967741935483871;0.0967741935483871
052;Olivar de los Padres-San Jerónimo;4667;16;85;63;928;12;2;1863;1176;200;60;0;19;0;0;187;3;44;1;3;5;32.5;36.88235294117647;34.507936507936506;41.404094827586206;30.583333333333332;17.5;10.875469672571121;34.65136054421769;40.67;37.333333333333336;0;31.842105263157894;0;0;26.042780748663102;35;47.15909090909091;40;48.333333333333336;29;982;38.288187372708755;314;417;219;522;460;293;170;8;19;0.8805460750853242;0.08191126279863481;0.08191126279863481
053;Las Águilas;4736;25;84;63;809;14;0;1955;1296;277;32;0;15;0;0;142;1;13;2;0;8;29.4;36.26190476190476;35.53968253968254;40.876390605686034;21.071428571428573;0;9.701790281329924;30.49537037037037;39.768953068592054;28.90625;0;28;0;0;24.161971830985916;30;52.30769230769231;30;0;25;908;36.40088105726872;275;383;206;479;429;318;169;12;13;0.6635220125786163;0.040880503144654086;0.040880503144654086
054;Santa Lucia;3943;18;8;51;457;6;0;1899;1101;188;24;0;17;0;12;148;0;9;0;0;5;38.05555555555556;53.75;41.568627450980394;40.32603938730853;25.833333333333332;0;10.084781463928383;32.752043596730246;29.4468085106383;33.333333333333336;0;27.058823529411764;0;25.833333333333332;25.06756756756757;0;30.555555555555557;0;0;13;1052;34.96768060836502;191;518;278;542;510;305;133;10;13;0.5508196721311476;0.05245901639344262;0.05245901639344262
055;Molinos;4008;12;32;19;459;13;0;1848;1150;314;32;0;9;2;0;100;2;6;1;4;5;32.5;59.0625;32.21052631578947;40.07843137254902;27.846153846153847;0;10.492965367965368;28.197391304347825;32.62738853503185;34.21875;0;42.77777777777778;7.5;0;23.74;35;27.5;30;30;32;1088;38.619485294117645;232;534;282;565;523;297;108;8;26;0.43097643097643096;0.11447811447811448;0.11447811447811448
056;Santa Fe;4784;11;69;80;480;4;0;2251;1378;315;28;0;17;0;5;125;1;9;7;2;2;68;50.94202898550725;30.1875;46.48125;17.5;0;9.772545535317636;32.3933236574746;33.073015873015876;32.75;0;44.705882352941174;0;56;17.824;75;36.55555555555556;28.571428571428573;35;12.5;1048;34.66030534351145;128;633;245;557;491;296;75;8;12;0.30743243243243246;0.0472972972972973;0.0472972972972973
057;Observatorio, Terminal de Autobuses Observatorio;4577;26;66;43;513;15;3;2137;1121;459;44;0;14;1;0;109;9;11;2;4;0;32.11538461538461;62.90909090909091;36.51162790697674;43.42300194931774;26;10;9.308844174075807;28.566458519179303;37.74291938997821;39.54545454545455;0;23.214285714285715;8;0;22.34862385321101;35;62.27272727272727;42.5;20;0;938;37.269722814498934;175;481;246;487;451;285;104;13;18;0.4456140350877193;0.10175438596491228;0.10175438596491228
058;Las Lomas;4915;41;136;151;1405;19;1;1382;1081;460;43;0;28;6;2;72;10;66;1;9;2;43.5609756097561;56.595588235294116;36.64238410596027;46.92170818505338;18.473684210526315;5;10.51519536903039;35.109158186864015;44.821739130434786;35.58139534883721;0;43.82142857142857;7.666666666666667;105;27.708333333333332;52.5;36.89393939393939;60;23.22222222222222;25;906;40.746136865342166;431;312;133;508;398;352;236;9;18;1.1931818181818181;0.08806818181818182;0.08806818181818182
059;Cuajimalpa;7920;28;241;136;1319;19;0;3148;2326;339;34;0;16;4;4;235;12;54;2;2;1;45.357142857142854;48.211618257261414;45.205882352941174;49.21228203184231;30.526315789473685;0;10.899301143583228;30.83018056749785;42.68731563421829;37.64705882352941;0;38.4375;10;60;20.863829787234042;62.5;38.51851851851852;40;32.5;20;1020;34.51274509803922;230;548;204;527;493;301;154;7;8;0.707641196013289;0.029900332225913623;0.029900332225913623
060;San Lorenzo Acopilco;3947;2;193;53;343;6;0;1876;1121;191;3;0;1;0;0;154;2;2;0;0;0;10;44.66839378238342;40.094339622641506;45.822157434402335;33.333333333333336;0;13.551705756929637;33.35147190008921;28.884816753926703;25;0;60;0;0;18.681818181818183;37.5;32.5;0;0;0;1123;32.556544968833485;153;634;280;575;548;291;107;4;5;0.4261168384879725;0.024054982817869417;0.024054982817869417
061;San Bartolo-San Mateo;4067;12;9;68;368;4;0;2000;1199;165;26;0;24;0;0;170;1;19;0;1;1;46.25;42.22222222222222;48.088235294117645;41.921195652173914;27.25;0;13.8595;38.29608006672227;28.775757575757577;24.23076923076923;0;36.458333333333336;0;0;21.435294117647057;15;41.05263157894737;0;30;8;1189;34.36837678721615;148;739;249;604;585;322;112;16;7;0.468944099378882;0.049689440993788817;0.049689440993788817
062;Cerro del Judío;4055;1;17;71;426;4;3;1882;1227;148;40;0;32;0;1;186;1;13;1;2;0;40;127.3529411764706;32.61971830985915;44.24647887323944;28.75;5;13.697130712008502;39.215158924205376;36.304054054054056;31.475;0;39.75;0;40;24.059139784946236;40;40.38461538461539;20;22.5;0;1111;35.9009900990099;166;629;272;582;529;314;126;22;13;0.46496815286624205;0.050955414012738856;0.050955414012738856
063;La Magdalena Contreras;3817;25;34;28;789;14;0;1223;1203;187;32;0;25;0;0;217;3;21;12;2;2;39.2;45.73529411764706;39.285714285714285;41.19011406844106;19.285714285714285;0;12.878168438266558;33.837073981712386;39.75401069518717;34.375;0;24.12;0;0;23.27188940092166;31.666666666666668;41.42857142857143;18.333333333333332;40;42.5;1035;37.106280193236714;267;473;256;528;507;291;146;16;20;0.7319587628865979;0.07560137457044673;0.07560137457044673
064;Villa Olímpica;6349;28;95;48;1394;18;3;2210;1630;239;342;0;37;3;3;221;3;19;48;1;7;33.57142857142857;49.8421052631579;49.5625;40.574605451936876;20.833333333333332;8.333333333333334;11.689140271493212;32.301840490797545;44.69874476987448;30.795321637426902;0;30.43243243243243;10;20;27.108597285067873;73.33333333333333;37.89473684210526;24.270833333333332;35;20;939;39.51011714589989;312;381;208;514;425;295;168;11;16;0.8983050847457628;0.07457627118644068;0.07457627118644068
065;Padierna;4309;15;33;57;765;21;0;1561;1299;177;61;0;42;0;3;242;0;19;8;3;3;28.666666666666668;53.93939393939394;44.03508771929825;36.47843137254902;9.095238095238095;0;11.975656630365151;36.31177829099307;42.10734463276836;32.032786885245905;0;33.5;0;26.666666666666668;25.545454545454547;0;31.842105263157894;20.625;35;25;1163;33.59931212381771;195;637;277;620;543;303;147;14;13;0.6534653465346535;0.0462046204620462;0.0462046204620462
066;San Pedro Mártir;3718;8;33;10;632;4;0;1402;1173;96;182;0;20;0;1;124;1;12;20;0;0;25;46.515151515151516;27.5;38.1503164556962;35;0;12.497860199714694;32.3000852514919;35.364583333333336;32.71978021978022;0;32;0;30;26.701612903225808;60;33.333333333333336;21.75;0;0;1006;35.910536779324055;211;505;246;536;470;300;153;14;26;0.6533333333333333;0.1;0.1
067;Pueblo del Ajusco;3208;8;33;31;280;0;0;1498;1000;97;103;0;12;0;2;109;9;3;18;1;4;55.625;53.93939393939394;50.16129032258065;47.82142857142857;0;0;14.246995994659546;42.217;38.65979381443299;32.43689320388349;0;41.25;0;30;21.03669724770642;27.77777777777778;33.333333333333336;25;30;24.5;1014;33.80473372781065;109;648;207;516;498;281;58;5;4;0.24199288256227758;0.017793594306049824;0.017793594306049824
068;Tepepan;4527;15;83;32;902;63;2;1733;1149;130;89;0;18;0;10;152;0;8;131;2;8;41;34.91566265060241;50.90625;36.52217294900222;18.11111111111111;15;11.011540680900174;30.93124456048738;36.37692307692308;31.696629213483146;0;33.333333333333336;0;31;23.875;0;35.625;21.52671755725191;27;21.875;985;36.568527918781726;310;401;233;525;460;297;183;18;46;0.8888888888888888;0.20875420875420875;0.20875420875420875
069;Noria;5481;11;49;56;701;158;66;2458;1386;127;13;0;39;1;104;169;0;6;135;2;0;33.18181818181818;48;52.142857142857146;43.723252496433666;22.21518987341772;11.181818181818182;11.152969894222945;34.46176046176046;38.76377952755905;37.69230769230769;0;23.46153846153846;10;7.346153846153846;24.76923076923077;0;19.166666666666668;24.40740740740741;30;0;1056;37.28693181818182;279;473;261;554;502;293;137;24;110;0.6382252559726962;0.5870307167235495;0.5870307167235495
070;Nativitas;4889;3;18;60;469;37;2;2234;1567;148;28;1;16;0;3;131;4;20;145;0;3;24.333333333333332;50.94444444444444;57.75;43.47121535181237;26.62162162162162;22.5;12.570277529095792;29.990427568602424;33.7972972972973;42.142857142857146;40;33.75;0;63.333333333333336;19.50381679389313;92.5;39.5;30.69655172413793;0;53.333333333333336;1130;32.92566371681416;166;624;274;571;559;302;115;7;25;0.48013245033112584;0.10927152317880795;0.10927152317880795
071;Milpa Alta;5066;2;29;76;517;7;4;2598;1336;136;5;0;16;7;7;241;0;3;79;0;3;10;58.44827586206897;39.3421052631579;39.70019342359768;43.57142857142857;9.5;14.155504234026173;33.34431137724551;43.86029411764706;20;0;53.75;16.428571428571427;26.142857142857142;21.95850622406639;0;100;33.55696202531646;0;36.666666666666664;1164;31.832474226804123;112;733;243;590;574;299;104;8;12;0.3979933110367893;0.046822742474916385;0.046822742474916385
072;Tulyehualco;5372;0;55;39;437;90;22;2467;1667;130;4;0;33;69;25;193;0;4;133;0;4;0;54.45454545454545;44.23076923076923;40.578947368421055;22;11.590909090909092;10.779083907580057;26.376724655068987;40.88461538461539;35;0;36.515151515151516;10.507246376811594;11;18.7720207253886;0;53.75;30.24812030075188;0;30;1083;33.473684210526315;160;591;274;544;539;296;117;12;62;0.44594594594594594;0.32432432432432434;0.32432432432432434
073;El Molino Tezonco;4025;4;15;91;221;62;5;2092;1047;326;5;0;11;10;1;128;0;5;0;0;2;12.5;70;39.34065934065934;44.95475113122172;20.225806451612904;10;10.515774378585085;25.404966571155683;41.83435582822086;16;0;29.09090909090909;9;10;19.3984375;0;12;0;0;37.5;1100;35.63272727272727;132;622;291;580;520;298;81;19;94;0.3087248322147651;0.42953020134228187;0.42953020134228187
074;Tláhuac;5117;10;37;24;464;150;26;2441;990;445;13;0;46;289;0;167;0;4;5;2;4;34.8;51.62162162162162;41.458333333333336;37.644396551724135;16.153333333333332;6.846153846153846;10.809504301515773;25.784848484848485;39.83595505617978;28.076923076923077;0;18.065217391304348;10.737024221453288;0;17.898203592814372;0;32.5;36.4;60;18.75;1066;34.59756097560975;184;518;322;544;522;294;124;24;93;0.48299319727891155;0.48299319727891155;0.48299319727891155
075;Mixquic;5811;3;25;29;497;132;59;2880;1467;352;8;0;46;174;14;101;0;4;16;3;1;46.666666666666664;41.2;28.96551724137931;35.543259557344065;19.431818181818183;9.898305084745763;10.591666666666667;26.097477845944102;50.29261363636363;22.5;0;19.565217391304348;10.827586206896552;14;21.504950495049506;0;37.5;20.3125;20;30;1133;33.185348631950575;160;617;294;580;553;299;105;23;91;0.391304347826087;0.3612040133779264;0.3612040133779264
076;Santa Catarina;4694;8;35;26;377;123;56;2186;1056;411;15;0;20;237;0;121;4;8;7;2;2;26.875;38.714285714285715;32.84615384615385;39.15649867374005;15.56910569105691;12.678571428571429;11.344464775846294;23.949810606060606;46.15085158150852;22;0;20.25;10.945147679324894;0;19.05785123966942;62.5;6.75;27.857142857142858;60;22.5;1132;33.07508833922262;172;618;285;585;547;303;104;16;79;0.40264026402640263;0.33993399339933994;0.33993399339933994
077;Reclusorio Oriente;4564;5;71;46;329;63;3;2086;1296;454;8;0;16;11;1;158;0;5;2;4;6;36;35.54929577464789;42.391304347826086;42.33130699088146;17.047619047619047;8.333333333333334;11.59012464046021;24.542438271604937;41.997797356828194;25;0;28.25;9.545454545454545;5;23.158227848101266;0;27;20;37.5;16.666666666666668;1094;33.77148080438757;143;646;261;568;526;299;84;11;52;0.3110367892976589;0.20066889632107024;0.20066889632107024
078;Desarrollo Urbano Quetzalcóatl;4591;8;40;34;266;115;5;2284;1277;347;23;0;18;22;0;141;0;5;0;3;3;26.875;43.525;49.85294117647059;43.056390977443606;22.339130434782607;10;11.825306479859895;25.552075176194204;37.585014409221905;27.391304347826086;0;23.88888888888889;8.863636363636363;0;24.75177304964539;0;32;0;40;25;1054;34.59392789373814;112;658;235;532;522;310;82;7;38;0.2967741935483871;0.16129032258064516;0.16129032258064516
079;Buenavista Iztapalapa;4586;4;11;29;198;45;15;2329;1458;310;17;0;21;8;4;123;0;3;5;5;1;27.5;70.9090909090909;34.827586206896555;37.77777777777778;34.022222222222226;10.666666666666666;10.635465865178189;26.92729766803841;41.15483870967742;20.235294117647058;0;25.857142857142858;10;90;24.764227642276424;0;25;17;18;20;1234;31.66288492706645;71;816;277;632;602;319;90;16;56;0.29780564263322884;0.2006269592476489;0.2006269592476489
080;Santa María de Xalpa;5363;14;55;84;285;13;1;2910;1488;297;9;0;18;0;0;183;0;1;1;1;3;28.928571428571427;62.236363636363635;39.70238095238095;47.07368421052632;20.384615384615383;5;11.81512027491409;30.455645161290324;36.80808080808081;31.11111111111111;0;26.666666666666668;0;0;24.65573770491803;0;10;10;15;20;1240;30.83306451612903;106;807;264;633;607;312;106;18;24;0.391025641025641;0.09935897435897435;0.09935897435897435
081;San Miguel Teotongo;4742;3;68;79;303;28;0;2594;1248;299;13;0;20;5;2;70;0;1;2;2;5;23.333333333333332;49.48529411764706;47.25316455696203;36.742574257425744;24.642857142857142;0;12.074016962220508;31.271634615384617;43.76254180602007;36.53846153846154;0;36.25;16;90;22.857142857142858;0;30;15;19;28;1214;31.29324546952224;90;803;256;624;590;306;73;10;27;0.24836601307189543;0.1111111111111111;0.1111111111111111
082;Santa Martha Acatitla;4499;12;25;19;316;9;24;2438;926;470;44;0;23;108;3;77;0;3;1;0;1;40.25;57.4;46.8421052631579;47.2626582278481;23.333333333333332;8.75;10.563576702214931;30.60583153347732;47.35957446808511;36.25;0;25.869565217391305;11.666666666666666;40;24.31168831168831;0;23.333333333333332;40;0;30;1069;36.1665107577175;163;562;303;561;508;290;106;16;54;0.3896551724137931;0.2655172413793103;0.2655172413793103
083;Juan Escutia;4499;5;27;30;363;31;5;2341;1125;383;24;0;26;13;0;115;0;5;5;1;0;22;52.407407407407405;41.5;40.170798898071624;20.322580645161292;15;11.357966680905596;31.952;43.37859007832898;41.458333333333336;0;37.53846153846154;8.846153846153847;0;24.530434782608694;0;32;24;30;0;1044;35.69348659003831;150;593;263;537;507;311;95;10;23;0.3247588424437299;0.09003215434083602;0.09003215434083602
084;Santa Cruz Meyehualco;5373;9;36;66;619;79;11;2589;1437;247;21;0;28;53;0;162;0;8;3;1;4;25;50.388888888888886;41.696969696969695;38.476575121163165;16.835443037974684;11.363636363636363;10.59675550405562;27.839944328462074;42.064777327935225;35;0;27.821428571428573;11.18867924528302;0;22.339506172839506;0;28.125;20;30;20;1116;36.39336917562724;156;600;308;569;547;311;127;12;65;0.4758842443729904;0.24437299035369775;0.24437299035369775
085;Ejército Constitucionalista;4384;7;41;112;458;22;5;2082;1072;252;184;0;9;16;0;115;0;5;1;3;0;40.714285714285715;49.02439024390244;31;35.27947598253275;19.772727272727273;9;10.43371757925072;30.750932835820894;37.01190476190476;39.75;0;25.555555555555557;9.5625;0;25.6;0;28;20;27.333333333333332;0;1163;33.333619948409286;159;642;277;586;577;301;100;18;42;0.3687707641196013;0.18272425249169436;0.18272425249169436
100;Localidades Poniente Chamapa-Lechería;2540;1;88;1;293;6;0;1179;830;84;1;0;14;0;0;35;2;5;1;0;0;30;54.71590909090909;20;45.0716723549488;40;0;13.703986429177268;37.566265060240966;33.214285714285715;40;0;29.285714285714285;0;0;19.285714285714285;60;36;35;0;0;1140;31.810526315789474;106;731;248;570;570;296;95;6;7;0.40202702702702703;0.033783783783783786;0.033783783783783786
101;CC Interlomas-Lomas de Tecamachalco;2872;18;85;11;1060;4;2;626;877;106;5;0;10;0;1;28;3;34;1;1;0;34.72222222222222;48.78823529411765;30.454545454545453;36.987735849056605;7.5;7.5;10.801916932907348;34.91790193842645;41.83018867924528;30;0;38.7;0;60;36.42857142857143;66.66666666666667;37.23529411764706;27;25;0;957;38.57157784743992;398;353;180;497;460;282;209;6;12;1.3581560283687943;0.04609929078014184;0.04609929078014184
102;Club de Golf Lomas-Campo Militar Naucalpan;2441;20;30;5;265;4;0;753;1158;112;7;0;28;0;2;45;0;8;3;0;1;39.5;44.56666666666667;44;43.947169811320755;15;0;14.686586985391767;31.316062176165804;41.473214285714285;40.714285714285715;0;25.25;0;25;27.377777777777776;0;43.75;15;0;75;1044;32.71455938697318;100;640;253;538;506;300;99;22;6;0.4166666666666667;0.023333333333333334;0.023333333333333334
103;San José de los Leones;2631;1;16;5;165;2;0;1263;975;136;3;0;15;0;2;34;0;12;2;0;0;20;50;34;42.96969696969697;27.5;0;13.015043547110055;33.643076923076926;39.36029411764706;48.333333333333336;0;23.8;0;20;24.705882352941178;0;37.5;35;0;0;1085;31.991705069124425;69;706;241;548;537;287;61;11;8;0.24041811846689895;0.04529616724738676;0.04529616724738676
104;San Rafael Chamapa;3031;5;23;7;211;2;0;1481;1069;145;5;0;11;0;3;46;3;16;0;1;3;28;70.47826086956522;30;43.26066350710901;37.5;0;14.224848075624578;34.15622076707203;36.06206896551724;27;0;25.90909090909091;0;80;34.43478260869565;26.666666666666668;47.1875;0;20;50;1199;34.08340283569641;114;729;307;612;587;317;99;12;17;0.35646687697160884;0.06309148264984227;0.06309148264984227
105;Fraccionamiento Industrial Naucalpan Poniente;3732;6;23;11;376;12;1;1257;1761;158;14;0;12;0;2;78;2;14;1;3;1;65.33333333333333;60.30434782608695;25.90909090909091;41.90425531914894;28.333333333333332;10;11.951471758154335;34.772856331629754;43.54430379746835;40.714285714285715;0;26.25;0;30;27.46153846153846;105;31.071428571428573;15;20;30;1022;35.090998043052835;109;576;287;513;509;305;98;17;25;0.35737704918032787;0.10819672131147541;0.10819672131147541
106;Naucalpan de Juárez -Centro y Lomas;2312;5;9;2;297;0;0;824;949;100;5;0;8;0;0;79;1;27;3;0;3;28;42.22222222222222;20;43.46801346801347;0;0;15.394417475728156;33.63224446786091;49.15;28;0;39.375;0;0;30.949367088607595;150;41.48148148148148;26.666666666666668;0;13.333333333333334;1003;37.020937188434694;164;572;232;530;473;292;112;8;12;0.5034246575342466;0.0547945205479452;0.0547945205479452
107;Las Huertas;2282;4;4;1;156;4;0;933;1014;100;6;0;8;0;1;39;0;11;0;0;1;41.25;45;75;48.36538461538461;51.25;0;14.713826366559486;33.25443786982248;32.66;22.5;0;28.75;0;30;38.97435897435897;0;50.45454545454545;0;0;5;1058;30.67391304347826;77;681;233;541;517;289;82;13;15;0.3356401384083045;0.05190311418685121;0.05190311418685121
108;CC Lomas Verdes-Cerro de Moctezuma;2573;12;21;2;756;1;0;673;869;94;3;0;13;1;0;75;3;48;0;0;2;32.916666666666664;66.9047619047619;45;38.06878306878307;30;0;10.750371471025261;34.170310701956275;39.202127659574465;25;0;25.384615384615383;10;0;26;88.33333333333333;36.145833333333336;0;0;22.5;1029;35.11175898931001;236;506;244;522;507;284;152;12;10;0.8661971830985915;0.04929577464788732;0.04929577464788732
109;Cd Satélite Poniente;4043;27;49;6;1687;6;2;818;1173;113;9;0;30;0;0;67;7;43;1;3;2;27.40740740740741;61.02040816326531;46.666666666666664;33.33432128037937;41.666666666666664;5;11.579462102689487;38.427962489343564;47.56637168141593;33.888888888888886;0;34.5;0;0;30.44776119402985;61.42857142857143;34.76744186046512;20;25;55;942;40.859872611464965;476;241;193;498;444;292;248;17;19;1.4828767123287672;0.07534246575342465;0.07534246575342465
110;CC Cd Satélite-Industrial Alce Blanco;4451;36;42;11;1100;17;2;1340;1539;236;14;0;17;0;0;76;1;15;2;2;1;40.138888888888886;74.64285714285714;64.0909090909091;41.973636363636366;45.1764705882353;10;10.843283582089553;41.51851851851852;50.26271186440678;31.285714285714285;0;36.76470588235294;0;0;33.46052631578947;120;48.333333333333336;30;30;30;845;40.52544378698225;345;306;162;425;420;281;171;10;27;0.9715302491103203;0.13167259786476868;0.13167259786476868
111;Condados de Atizapán-México Nuevo;3401;18;127;2;1013;2;1;902;1048;60;9;0;12;1;0;74;4;119;0;9;0;20;38.661417322834644;55;37.96051332675222;15;5;12.605321507760532;36.93320610687023;36.25;32.77777777777778;0;29.583333333333332;5;0;22.10810810810811;45;27.714285714285715;0;21.11111111111111;0;952;36.49159663865546;341;324;247;473;479;286;206;13;6;1.1853146853146854;0.024475524475524476;0.024475524475524476
112;Periférico Barrientos-Mundo E;2748;18;33;0;1017;2;0;697;759;40;5;0;16;1;3;97;3;41;5;11;0;43.888888888888886;53.39393939393939;0;42.425762045231075;17.5;0;12.172166427546628;36.85770750988142;45.025;35;0;25.3125;5;120;26.11340206185567;45;32.19512195121951;42;25.454545454545453;0;852;39.51877934272301;413;202;204;432;420;284;226;17;18;1.2112676056338028;0.09507042253521127;0.09507042253521127
113;Zonas Industriales Tlalnepantla;6435;35;102;10;1022;31;0;2435;2226;210;97;1;36;5;1;120;2;11;2;82;7;30.714285714285715;51.245098039215684;61.5;42.10469667318982;27.580645161290324;0;10.595071868583162;37.15768194070081;45.37619047619047;39.18556701030928;15;37.69444444444444;6.2;120;26.408333333333335;27.5;39.09090909090909;35;23.5609756097561;17.857142857142858;1021;37.09598432908913;256;429;280;536;485;298;146;16;32;0.5973154362416108;0.1174496644295302;0.1174496644295302
114;Zona Industrial Tabla Honda y San Pablo Xalpa;2455;17;50;21;403;21;1;865;712;77;153;0;9;1;4;80;1;5;0;31;4;36.1764705882353;53.8;33.333333333333336;39.44913151364764;23.952380952380953;15;12.258959537572254;30.86938202247191;31.16883116883117;39.72549019607843;0;46.111111111111114;5;35;24.7875;45;29;0;22.258064516129032;42.5;1015;38.107389162561574;241;441;300;522;493;302;138;8;59;0.5695364238410596;0.30132450331125826;0.30132450331125826
115;Fraccionamiento Industrial Barrientos;2545;7;23;2;306;11;1;1078;962;44;23;0;10;1;0;39;4;11;0;23;0;33.142857142857146;58.65217391304348;37.5;45.11437908496732;29.09090909090909;15;11.84508348794063;36.14033264033264;34.54545454545455;42.95652173913044;0;44;5;0;39.743589743589745;47.5;48.63636363636363;0;27.956521739130434;0;863;34.594438006952494;107;480;225;435;428;276;91;35;49;0.3695652173913043;0.2608695652173913;0.2608695652173913
116;Club de Golf Hacienda;3268;12;49;0;568;4;0;1409;1040;43;9;0;5;0;0;71;1;42;2;13;0;46.666666666666664;59.3469387755102;0;34.16725352112676;25;0;14.466997870830376;37.050961538461536;39.27906976744186;35.55555555555556;0;23.4;0;0;24.154929577464788;60;36.166666666666664;30;22.307692307692307;0;1069;35.14031805425631;207;573;248;563;506;301;138;12;33;0.6445182724252492;0.16611295681063123;0.16611295681063123
117;U.H. Adolfo López Mateos-Central de Abastos Atizapán;3335;7;51;33;555;3;0;1474;1033;57;5;0;12;0;0;66;2;19;2;12;4;70.42857142857143;60.3921568627451;50.303030303030305;41.73153153153153;30;0;12.025780189959294;39.322362052274926;36.14035087719298;16;0;31.25;0;0;28.40909090909091;22.5;30.263157894736842;40;19.166666666666668;21.25;1013;34.43435340572557;166;580;214;518;495;291;139;12;17;0.5979381443298969;0.08247422680412371;0.08247422680412371
118;Emiliano Zapata-Lomas de San Miguel;3248;11;20;4;286;16;0;1734;987;58;4;0;13;0;1;72;1;31;0;8;2;45.45454545454545;75.75;60;35.72027972027972;7.5;0;12.600346020761245;35.746707193515704;35;20;0;28.846153846153847;0;15;22.708333333333332;15;29;0;17.125;20;1080;31.192592592592593;98;674;256;564;516;287;99;8;17;0.41114982578397213;0.08362369337979095;0.08362369337979095
119;Vista Hermosa;3841;2;77;2;428;8;0;1948;1149;67;7;0;36;0;0;77;14;17;2;6;1;10;62.63636363636363;20;42.927570093457945;15.875;0;13.43788501026694;39.732811140121846;32.26865671641791;25;0;22.36111111111111;0;0;21.103896103896105;10.714285714285714;48.529411764705884;35;21.666666666666668;10;1178;31.758064516129032;100;734;271;580;598;306;114;16;11;0.43790849673202614;0.05228758169934641;0.05228758169934641
120;Villa Nicolás Romero;2717;8;15;0;297;11;0;1043;1142;78;14;0;26;0;0;55;4;19;1;4;0;35;67.33333333333333;0;45.64309764309764;18.90909090909091;0;13.687440076701822;38.75306479859895;31.128205128205128;27.857142857142858;0;27.576923076923077;0;0;29;60;41.05263157894737;10;17.5;0;1097;31.57155879671832;151;631;248;570;527;297;122;13;16;0.49158249158249157;0.06397306397306397;0.06397306397306397
121;Cahuacán-Himno Nacional;3065;2;30;2;349;6;0;1228;1340;28;0;0;41;0;0;31;0;4;1;3;0;75;80.5;97.5;41.07449856733524;25;0;17.3257328990228;40.656716417910445;33.035714285714285;0;0;23.048780487804876;0;0;20.483870967741936;0;57.5;50;25;0;1118;30.167262969588553;69;785;188;581;537;292;97;18;19;0.3767123287671233;0.07191780821917808;0.07191780821917808
122;Tepotzotlán-Villa del Carbón;3715;3;182;9;427;31;0;2053;789;30;2;0;68;0;1;86;16;8;0;10;0;36.666666666666664;56.39010989010989;26.666666666666668;34.768149882903984;19.806451612903224;0;14.32440331222601;32.07477820025348;30.666666666666668;40;0;17.352941176470587;0;89;17.72093023255814;37.5;35;0;27.8;0;1103;32.69900271985494;117;717;216;560;543;287;107;27;47;0.4634146341463415;0.20905923344947736;0.20905923344947736
123;Lago de Guadalupe;2810;5;58;3;433;10;0;1294;826;41;4;0;20;0;1;77;10;20;1;7;0;47;44.41379310344828;30;41.58891454965358;31.5;0;12.146058732612056;43.32687651331719;34.146341463414636;18.75;0;29.75;0;25;21.142857142857142;45.5;34.25;30;20;0;1121;30.416592328278323;175;624;237;578;543;296;148;15;18;0.6655405405405406;0.08108108108108109;0.08108108108108109
124;Industrial Cuamatla-San Francisco Tepojaco;3227;7;40;1;636;31;0;1384;840;45;37;0;16;1;8;109;8;13;1;50;0;30;48.125;45;34.58647798742138;23.322580645161292;0;12.556358381502891;33.482142857142854;29.444444444444443;23.783783783783782;0;20;10;84.375;20.293577981651374;38.75;29.23076923076923;20;28;0;987;36.10334346504559;226;441;261;512;475;287;172;13;36;0.7142857142857143;0.14285714285714285;0.14285714285714285
125;Industrial Tres Ríos-INFONAVIT Norte;2627;15;30;5;534;12;0;988;849;43;17;0;5;0;0;68;1;9;1;50;0;20.333333333333332;55.833333333333336;36.4;36.329588014981276;15.583333333333334;0;11.437246963562753;30.402826855123674;34.13953488372093;26.764705882352942;0;20;0;0;30.485294117647058;90;41.666666666666664;7;26.26;0;912;36.12061403508772;205;395;276;483;429;283;147;18;51;0.6289752650176679;0.26148409893992935;0.26148409893992935
126;Centro Urbano-CC Cuautitlán Izcalli;3942;30;41;8;930;21;4;1504;1029;92;33;0;33;2;0;130;0;20;0;64;1;27.466666666666665;48.170731707317074;43.125;33.42795698924731;33.80952380952381;8.75;11.32247340425532;31.23615160349854;35.04347826086956;38.09090909090909;0;23.03030303030303;15;0;20.43846153846154;0;34.75;0;29.078125;10;941;37.83315621679065;290;403;218;487;454;293;180;18;51;0.8805460750853242;0.21843003412969283;0.21843003412969283
127;San Martín Obispo;3765;13;71;2;576;32;0;1649;1128;50;26;0;24;1;2;97;27;13;0;52;2;31.53846153846154;45.140845070422536;27.5;33.032986111111114;21.5625;0;11.983626440266828;29.986702127659573;33.46;27.307692307692307;0;26.25;5;17.5;20.75257731958763;28.88888888888889;25.846153846153847;0;23.807692307692307;60;1065;33.20657276995305;175;556;288;538;527;294;127;12;24;0.5204081632653061;0.12585034013605442;0.12585034013605442
128;La Quebrada-Parques Industriales;5030;9;129;11;768;76;0;1940;1627;79;51;0;29;4;3;142;11;5;0;145;1;31.11111111111111;46.48062015503876;49.09090909090909;39.377604166666664;24.88157894736842;0;11.661855670103092;32.87338660110633;29.379746835443036;38.01960784313726;0;27.586206896551722;11.25;180;24.338028169014084;29.545454545454547;31;0;24.455172413793104;15;1061;34.5937794533459;225;511;277;531;530;295;145;16;74;0.6067796610169491;0.3525423728813559;0.3525423728813559
129;Industrial Sin Nombre-Buenavista 2a Secc;3195;8;9;2;362;23;0;1519;962;56;55;0;28;2;1;87;2;9;0;68;2;33.125;88.33333333333333;45;34.95580110497237;17.391304347826086;0;12.948650427913101;32.07380457380457;30.089285714285715;33.27272727272727;0;19.821428571428573;20;45;16.563218390804597;52.5;49.22222222222222;0;20.205882352941178;30;1105;32.61176470588235;113;688;253;569;536;299;122;23;47;0.46153846153846156;0.23745819397993312;0.23745819397993312
130;Tultitlán -centro-;4058;5;47;5;411;78;1;1891;1245;68;53;0;17;1;4;72;8;11;3;138;0;43;42.97872340425532;25;35.3698296836983;24.794871794871796;5;9.637757800105764;26.51004016064257;27.794117647058822;32.698113207547166;0;26.176470588235293;5;20;22.819444444444443;40;30.272727272727273;20.333333333333332;21.253623188405797;0;924;34.73268398268398;165;429;297;479;445;290;117;7;49;0.45517241379310347;0.24482758620689654;0.24482758620689654
131;Melchor Ocampo-Joyas de Cuautitlán;2886;0;131;6;299;119;3;1284;750;50;18;0;14;0;0;87;0;9;0;115;1;0;44.916030534351144;43.333333333333336;33.15384615384615;26.126050420168067;13.333333333333334;12.138629283489097;28.369333333333334;26.9;29.166666666666668;0;29.285714285714285;0;0;22.011494252873565;0;32.77777777777778;0;28.208695652173912;30;978;32.2678936605317;147;517;267;503;475;272;105;13;66;0.4338235294117647;0.33455882352941174;0.33455882352941174
132;Coyotepec-Teoloyucan;2895;0;118;2;292;147;1;1340;846;27;6;0;18;4;1;13;7;22;0;50;1;0;44.29661016949152;30;32.092465753424655;17.408163265306122;10;13.861194029850747;31.4468085106383;30.185185185185187;28.5;0;18.61111111111111;17.5;180;22.307692307692307;52.142857142857146;31.363636363636363;0;30.72;25;1150;31.58086956521739;132;682;265;600;550;306;112;15;101;0.4150326797385621;0.49673202614379086;0.49673202614379086
133;Huehuetoca;3164;5;178;4;403;43;6;1470;793;38;6;0;8;1;2;164;8;10;0;22;3;18;65.3932584269663;30;34.650124069478906;19.023255813953487;16.666666666666668;12.847619047619048;31.81841109709962;35.78947368421053;17.5;0;30.625;30;15;17.158536585365855;33.125;30.5;0;27.045454545454547;13.333333333333334;1154;29.409878682842287;98;721;248;580;574;309;111;11;76;0.42071197411003236;0.37216828478964403;0.37216828478964403
134;Tequixquiac-Apaxco;4001;1;245;3;513;152;0;2289;567;23;5;0;131;0;6;63;3;0;0;0;0;10;52.36326530612245;36.666666666666664;30.803118908382068;21.217105263157894;0;14.301878549584972;23.44268077601411;32.56521739130435;32;0;16.0381679389313;0;86.66666666666667;18.206349206349206;21.666666666666668;0;0;0;0;1092;31.702380952380953;99;762;170;541;551;300;116;37;106;0.4766666666666667;0.47;0.47
135;Zumpango;4039;1;183;1;645;271;8;1758;932;42;22;0;72;1;2;88;0;5;0;8;0;20;58.73770491803279;20;29.217054263565892;18.752767527675278;14.5;13.25938566552901;28.98497854077253;39.26190476190476;28.636363636363637;0;19.166666666666668;15;35;18.75;0;44;0;30;0;1065;31.47981220657277;131;611;262;562;503;291;110;23;148;0.4536082474226804;0.8075601374570447;0.8075601374570447
136;Tultepec - cabecera-;2872;4;50;0;266;103;7;1363;786;51;13;0;67;0;5;62;0;22;1;70;2;17.5;53.08;0;35.1578947368421;26.116504854368934;12.142857142857142;12.192223037417461;29.31933842239186;31.07843137254902;32.69230769230769;0;13.940298507462687;0;24;17.14516129032258;0;27.954545454545453;30;28.2;4;1106;31.760397830018082;127;646;266;563;543;302;112;28;105;0.44039735099337746;0.48344370860927155;0.48344370860927155
137;Central de Abastos Tultitlán-Santiago Teyahualco;3450;17;36;6;492;80;18;1407;953;68;89;0;20;39;3;115;15;10;1;81;0;43.64705882352941;56.25;22.5;37.13211382113821;22.025;11.944444444444445;12.078891257995735;33.18467995802728;28.676470588235293;29.696629213483146;0;22.25;8.897435897435898;40;16.469565217391306;39.666666666666664;39;45;29.51851851851852;0;978;32.65950920245399;219;451;265;497;481;277;130;13;58;0.5956678700361011;0.26353790613718414;0.26353790613718414
138;Chilpan-Buenavista Tultitlán;3577;8;31;3;443;35;4;1762;910;49;89;0;31;12;6;112;3;17;2;58;2;23.125;52.41935483870968;11.666666666666666;29.686230248306998;24.514285714285716;5;12.052213393870602;32.34615384615385;35.97959183673469;25.617977528089888;0;22.387096774193548;9.833333333333334;15.833333333333334;18.401785714285715;33.333333333333336;27.11764705882353;35;27.20689655172414;35;1093;32.508691674290944;152;594;284;562;531;294;130;24;55;0.5306122448979592;0.23809523809523808;0.23809523809523808
139;TAD San Juan Ixhuatepec;2897;5;67;19;199;18;1;1299;891;209;44;0;8;0;0;101;4;31;1;0;0;15;44.02985074626866;23.157894736842106;47.38693467336683;31.055555555555557;5;14.722863741339491;29.4983164983165;38.27272727272727;39.88636363636363;0;26.875;0;0;22.861386138613863;38.75;33.87096774193548;60;0;0;1047;34.48424068767908;94;703;207;539;508;276;68;9;24;0.26811594202898553;0.09420289855072464;0.09420289855072464
140;Lázaro Cárdenas-Lomas de Tepeolulco;2702;1;11;21;155;10;0;1124;996;179;34;0;7;0;0;121;0;40;0;3;0;15;78.18181818181819;32.142857142857146;35.74193548387097;25.5;0;16.818505338078293;32.09738955823293;40.87150837988827;30.441176470588236;0;45;0;0;24.545454545454547;0;41.125;0;26.666666666666668;0;1139;32.414398595259;63;804;211;591;548;300;58;8;7;0.22;0.02666666666666667;0.02666666666666667
141;Coacalco -cabecera-;2313;16;9;0;342;14;2;956;622;66;102;0;15;1;0;137;2;12;0;15;2;28.1875;62.77777777777778;0;45.6812865497076;21.571428571428573;10;13.215481171548117;37.163987138263664;35.72727272727273;29.57843137254902;0;27.666666666666668;5;0;20.05839416058394;105;35.416666666666664;0;38.2;30;1059;33.69310670443815;268;405;322;523;536;288;140;17;33;0.6111111111111112;0.15625;0.15625
142;Villa de las Flores-Héroes Coacalco;3881;6;33;3;723;41;7;1656;991;89;81;0;38;12;1;145;2;13;0;40;0;51.666666666666664;53.63636363636363;11.666666666666666;40.43015214384509;17.5609756097561;20;10.864734299516908;35.36125126135217;36.68539325842696;28.14814814814815;0;18.289473684210527;14.583333333333334;60;18.282758620689656;75;33.46153846153846;0;27;0;984;36.35264227642276;258;373;299;535;449;276;147;9;52;0.6594202898550725;0.2391304347826087;0.2391304347826087
143;Potrero-La Laguna;3264;4;24;2;369;40;5;1555;882;100;98;0;41;11;0;95;9;15;1;12;1;63.75;91.45833333333333;40;41.22493224932249;17;14;11.55112540192926;37.89002267573696;37.08;26.3265306122449;0;19.4390243902439;9.090909090909092;0;18.473684210526315;61.666666666666664;30.8;20;22.083333333333332;20;989;32.74519716885743;131;497;312;507;482;279;78;15;34;0.35125448028673834;0.17204301075268819;0.17204301075268819
144;Pueblo San Pablo de las Salinas;3338;7;8;2;259;59;20;1837;823;103;23;0;26;66;4;79;8;7;0;3;4;61.42857142857143;60;25;39.633204633204635;19.16949152542373;11.25;12.6619488296135;43.359659781287974;34.66019417475728;34.78260869565217;0;35.57692307692308;10.606060606060606;15;15.316455696202532;98.75;40;0;18.333333333333332;25;978;32.99897750511247;127;527;273;489;489;280;84;17;46;0.32857142857142857;0.18928571428571428;0.18928571428571428
145;U.H. de San Pablo de las Salinas;2890;5;14;3;273;69;11;1376;806;100;29;0;31;39;4;105;7;7;0;11;0;17;51.07142857142857;15;43.1025641025641;16.71014492753623;7.454545454545454;11.45203488372093;44.292803970223325;40.94;35.93103448275862;0;21.29032258064516;7.897435897435898;52.5;13.219047619047618;37.857142857142854;37.142857142857146;0;31.90909090909091;0;1036;32.641891891891895;118;526;329;519;517;288;93;26;74;0.3645833333333333;0.3263888888888889;0.3263888888888889
146;Guadalupe Victoria-Recursos Hidráulicos;3727;6;30;4;418;99;2;1739;1027;112;122;0;34;5;0;107;3;8;2;9;0;38.333333333333336;55;25;39.70095693779904;19.414141414141415;15;14.910868315123635;36.817916260954235;36.00892857142857;35.26229508196721;0;28.823529411764707;6;0;17.50467289719626;40;35;22.5;19.444444444444443;0;1144;30.69055944055944;138;675;269;575;569;287;114;14;67;0.4355400696864111;0.30662020905923343;0.30662020905923343
147;San Cristóbal Ecatepec;3993;8;67;5;453;29;4;1820;1108;163;117;1;22;2;1;171;3;18;0;1;0;31.25;67.16417910447761;36;42.06622516556291;17.06896551724138;11.25;12.593956043956045;33.681407942238266;45.85889570552147;29.128205128205128;30;26.136363636363637;7.5;30;17;35;19.166666666666668;0;30;0;1036;34.1496138996139;180;572;249;541;495;287;116;9;32;0.47038327526132406;0.13937282229965156;0.13937282229965156
148;La Presa-Tulpetlac;2369;3;114;2;110;20;1;1176;687;136;36;0;6;1;2;71;0;3;1;0;0;26.666666666666668;45.78947368421053;25;40.663636363636364;27.75;10;14.409013605442176;31.502183406113538;40.625;29.63888888888889;0;36.666666666666664;10;30;16.619718309859156;0;29;40;0;0;1091;31.473877176901926;55;741;218;547;544;290;64;7;37;0.2517241379310345;0.16206896551724137;0.16206896551724137
149;Teleférico Ecatepec;4678;2;40;3;223;59;2;2517;1210;277;65;82;8;0;0;179;1;6;0;0;4;30;74.625;46.666666666666664;45.71300448430493;30.338983050847457;25;16.42352006356774;34.8603305785124;34.54873646209386;33.69230769230769;18.29268292682927;32.5;0;0;21.860335195530727;20;52.5;0;0;30;1224;31.74673202614379;61;851;239;621;603;324;58;7;37;0.19135802469135801;0.13271604938271606;0.13271604938271606
150;Parques Industriales Ecatepec;3713;8;56;13;347;112;19;1862;886;205;42;9;33;1;3;79;6;27;2;0;3;26.875;48.607142857142854;37.38461538461539;39.37463976945245;22.410714285714285;10.263157894736842;13.313104189044038;32.681715575620764;41.390243902439025;26.785714285714285;27.22222222222222;30;10;26.666666666666668;24.658227848101266;88.33333333333333;41.48148148148148;30;0;20;978;34.786298568507156;87;611;229;513;465;275;90;12;66;0.3527272727272727;0.3381818181818182;0.3381818181818182
151;Villa de Guadalupe Xalostoc;2888;10;24;6;319;97;3;1285;617;288;33;1;31;0;4;142;4;16;3;2;3;56.5;46.25;28.333333333333332;39.373040752351095;24.77319587628866;33.333333333333336;10.624902723735408;29.087520259319287;43.59375;29.454545454545453;2;17.516129032258064;0;15;20.06338028169014;25;25.9375;16.666666666666668;15;26.666666666666668;1007;35.96325719960278;122;607;240;503;504;297;97;24;91;0.3939393939393939;0.43434343434343436;0.43434343434343436
152;Valle de Aragón;3344;0;18;10;421;84;39;1551;549;396;68;0;12;29;0;151;0;11;1;1;3;0;70.83333333333333;44.5;35.503562945368174;13.630952380952381;11;10.484203739522888;28.171220400728597;39.38131313131313;30.191176470588236;0;23.75;8.517241379310345;0;13.086092715231787;0;34.81818181818182;30;30;36.666666666666664;1017;36.3992133726647;187;508;274;529;488;292;110;16;72;0.4349315068493151;0.3321917808219178;0.3321917808219178
153;Bosques de Aragón;4022;10;37;22;623;102;40;1431;824;545;65;0;26;11;0;267;0;14;2;0;3;26.3;33.729729729729726;38.18181818181818;33.971107544141255;18.07843137254902;9.75;11.79454926624738;25.655339805825243;40.80733944954128;32.815384615384616;0;25.615384615384617;8.090909090909092;0;15.741573033707866;0;37.142857142857146;30;0;21.666666666666668;975;36.09948717948718;243;443;244;499;476;277;149;16;68;0.6895306859205776;0.34296028880866425;0.34296028880866425
154;Granjas Independencia;2746;5;15;13;270;44;7;1280;510;402;35;0;12;15;0;122;0;14;0;1;1;37;83;31.307692307692307;38.17407407407408;18.727272727272727;10;10.50390625;23.970588235294116;42.708955223880594;25.62857142857143;0;21;8.333333333333334;0;18.270491803278688;0;36.785714285714285;0;50;5;1038;34.345857418111756;154;544;291;556;482;286;104;12;65;0.43356643356643354;0.3006993006993007;0.3006993006993007
155;Valle de Aragón 3ra Secc;2957;17;10;13;339;50;9;1322;416;448;69;0;13;0;1;231;1;15;1;2;0;30.88235294117647;50;33.46153846153846;32.9882005899705;18.14;12.555555555555555;12.903177004538579;24.733173076923077;40.58482142857143;31.27536231884058;0;26.384615384615383;0;15;15.813852813852813;30;31.333333333333332;30;15;0;1167;34.594687232219364;185;640;281;619;548;313;122;20;93;0.476038338658147;0.4057507987220447;0.4057507987220447
156;CC Center Plazas-Nueva Aragón;3992;14;8;1;411;40;54;2196;594;352;72;0;5;3;2;214;0;13;0;13;0;48.214285714285715;67.5;10;46.24330900243309;29.025;14.87037037037037;13.661657559198543;26.666666666666668;47.25568181818182;29.833333333333332;0;37;11.666666666666666;60;14.210280373831775;0;34.61538461538461;0;38.76923076923077;0;1133;33.72903795233892;172;573;319;582;551;304;129;19;103;0.47368421052631576;0.4407894736842105;0.4407894736842105
157;Héroes de la Independencia-San Agustín;2824;7;13;6;318;65;3;1300;527;311;82;2;13;0;0;167;5;4;1;0;0;21.428571428571427;51.84615384615385;20.833333333333332;35.094339622641506;17.06153846153846;13.333333333333334;12.226923076923077;26.352941176470587;46.20257234726688;34.02439024390244;10;15.538461538461538;0;0;15.538922155688622;48;31.25;15;0;0;1124;35.33185053380783;157;632;277;578;546;303;91;15;57;0.3333333333333333;0.2508250825082508;0.2508250825082508
158;La Costeña-Olímpica Jajalpa;4451;7;71;11;514;65;50;2207;1039;171;59;5;26;21;4;179;7;9;1;4;1;27.142857142857142;57.63380281690141;41.63636363636363;36.45330739299611;19.861538461538462;9.4;12.196193928409606;31.946102021174205;45;35.3728813559322;15;21.73076923076923;8.571428571428571;65;18.810055865921786;43.857142857142854;40.55555555555556;40;17.5;12;1021;34.83251714005877;146;557;260;487;534;284;126;14;58;0.4788732394366197;0.2535211267605634;0.2535211267605634
159;Jardines de Santa Clara-Super Plaza Ecatepec;4611;10;60;14;462;81;10;2308;873;315;228;0;27;0;3;201;1;9;1;6;2;24.5;41.96666666666667;27.357142857142858;35.45021645021645;18.14814814814815;12.5;11.51473136915078;25.81672394043528;53.43809523809524;25.390350877192983;0;31.962962962962962;0;23.333333333333332;14.885572139303482;40;26.666666666666668;30;35.833333333333336;10;983;35.75178026449644;175;507;260;488;495;282;109;20;75;0.4326241134751773;0.375886524822695;0.375886524822695
160;Multiplaza Aragón-Cd Azteca;4525;23;13;11;570;69;6;2199;601;429;125;0;15;2;0;449;0;8;0;5;0;34.56521739130435;57.69230769230769;18.181818181818183;37.25438596491228;16.695652173913043;13.333333333333334;11.819463392451114;23.57404326123128;44.86713286713287;29.096;0;20.866666666666667;7.5;0;14.378619153674833;0;22.5;0;40;0;994;37.38028169014085;184;486;284;520;474;283;120;7;69;0.45229681978798586;0.2756183745583039;0.2756183745583039
161;Jardines de Morelos;3732;10;15;5;677;70;2;1400;837;213;309;0;35;12;3;137;0;6;1;0;0;18.5;59.333333333333336;24;39.93057607090103;19.357142857142858;20;11.882142857142858;30.428912783751493;42.056338028169016;26.40453074433657;0;21.742857142857144;13.666666666666666;45;20.605839416058394;0;39.166666666666664;30;0;0;1030;33.63980582524272;193;507;283;520;510;278;154;24;74;0.6115107913669064;0.3669064748201439;0.3669064748201439
162;Central de Abastos Ecatepec;3663;6;96;1;376;91;9;1817;702;180;244;0;22;7;3;100;1;2;1;0;5;16.666666666666668;56.8125;35;37.52127659574468;18.021978021978022;13.333333333333334;11.121629058888278;32.91737891737892;39.37777777777778;30.512295081967213;0;22.863636363636363;22.142857142857142;25;17.18;7;20;15;0;28;1015;33.90837438423645;108;573;302;518;497;281;112;10;80;0.4306049822064057;0.3665480427046263;0.3665480427046263
163;Héroes Tecámac y Ecatepec;2730;3;34;3;425;31;8;1299;577;127;64;0;24;3;3;124;0;3;2;0;0;48.333333333333336;49.411764705882355;50;45.72470588235294;19.677419354838708;14.375;12.939183987682833;34.74003466204506;41.110236220472444;26.875;0;30.208333333333332;6.666666666666667;40;19.217741935483872;0;36.666666666666664;30;0;0;993;30.730110775427995;152;509;289;514;479;276;137;17;45;0.532608695652174;0.2210144927536232;0.2210144927536232
164;Los Héroes Tecámac -Bosques y Jardines-;2844;4;128;5;439;34;0;1202;675;166;62;0;11;4;2;99;0;12;0;0;1;48.5;55.328125;14;37.78815489749431;18.38235294117647;0;11.885191347753743;33.333333333333336;37.04819277108434;31.241935483870968;0;41.81818181818182;5;15;19.242424242424242;0;33.75;0;0;10;1018;31.5049115913556;193;460;299;520;498;289;157;15;95;0.6366782006920415;0.48788927335640137;0.48788927335640137
165;Ojo de Agua;2970;5;95;2;405;80;1;1408;679;82;36;0;32;0;0;116;3;24;1;0;1;49;60.410526315789475;60;37.64938271604938;20.6875;10;11.861505681818182;27.539027982326953;40;37.361111111111114;0;16.40625;0;0;18.405172413793103;80;21.875;20;0;35;1012;35.440711462450594;222;480;257;491;521;294;124;27;116;0.47278911564625853;0.5986394557823129;0.5986394557823129
166;Base Aérea Santa Lucia-Cuautlalpan;2918;0;177;1;400;171;2;1413;576;37;15;0;61;0;5;58;2;0;0;0;0;0;53.59887005649718;25;28.5975;21.327485380116958;10;13.858457183297947;24.928819444444443;28.91891891891892;26.333333333333332;0;16.721311475409838;0;32;17.32758620689655;17.5;0;0;0;0;1109;32.85752930568079;78;745;217;574;535;298;102;25;156;0.38926174496644295;0.7013422818791947;0.7013422818791947
167;Tecámac -cabecera-;3903;3;208;1;493;32;3;1788;959;119;53;0;25;0;6;198;0;14;0;0;1;28.333333333333332;55.22115384615385;20;38.10344827586207;27.03125;10;12.274608501118568;24.00312825860271;34.04201680672269;36.320754716981135;0;24.4;0;50;17.54040404040404;0;19.285714285714285;0;0;30;1084;32.99077490774908;145;649;222;561;523;304;129;27;63;0.4605263157894737;0.27960526315789475;0.27960526315789475
168;Ciudad Cuauhtémoc;1755;1;111;1;143;19;0;823;343;103;106;0;6;0;2;93;0;3;0;0;1;10;57.73873873873874;30;48.67832167832168;27.63157894736842;0;14.21142162818955;30.50145772594752;38.44660194174757;32.43396226415094;0;28.333333333333332;0;10;16.634408602150536;0;25;0;0;30;1095;32.02465753424657;55;759;213;570;525;294;71;10;20;0.282312925170068;0.08503401360544217;0.08503401360544217
169;Termoeléctrica del Valle de México;3731;0;15;2;273;142;2;1888;948;178;116;0;26;35;15;83;0;5;2;0;1;0;55.333333333333336;42.5;43.717948717948715;20.901408450704224;20;13.996292372881356;31.005274261603375;37.640449438202246;31.79310344827586;0;33.15384615384615;14.428571428571429;19.666666666666668;16.313253012048193;0;25;35;0;20;1152;30.20746527777778;87;715;264;564;588;308;103;13;103;0.35714285714285715;0.5;0.5
170;San Salvador Atenco-Peaje Pirámides;4474;0;82;4;463;372;8;2121;785;103;37;0;108;327;6;48;1;8;0;0;1;0;60.24390243902439;42.5;32.31101511879049;15.508064516129032;12.875;11.722772277227723;30.228025477707007;35.407766990291265;29.864864864864863;0;14.925925925925926;11.746177370030582;55;23.4375;60;31.25;0;0;40;1188;32.14646464646464;110;730;280;615;573;312;125;48;152;0.4583333333333333;0.7628205128205128;0.7628205128205128
171;Carretera Pirámides-Tulancingo;3693;5;142;0;542;244;3;1666;768;53;17;0;83;24;8;125;8;4;0;1;0;15;64.43661971830986;0;36.09225092250922;13.827868852459016;5;12.46938775510204;28.35546875;34.15094339622642;35.588235294117645;0;15.36144578313253;12.708333333333334;30;16.592;26.25;22.5;0;10;0;989;33.848331648129424;123;622;200;504;485;283;124;19;113;0.5229681978798587;0.6219081272084805;0.6219081272084805
172;Texcoco Norte-Tepexpan;3510;0;64;5;551;334;7;1310;851;45;15;0;129;128;12;55;0;2;2;0;0;0;68.4375;51;31.499092558983666;19.494011976047904;12.857142857142858;12.15114503816794;27.964747356051703;32.666666666666664;22.8;0;17.155038759689923;12.125;45;20.527272727272727;0;10;30;0;0;1193;33.76697401508801;114;714;291;622;571;303;138;44;169;0.5478547854785478;0.8184818481848185;0.8184818481848185
173;Nuevo AICM;3145;0;60;1;354;290;0;1274;901;63;9;0;67;16;2;105;0;2;0;0;1;0;53.166666666666664;5;35.55367231638418;20.644827586206898;0;13.067503924646783;27.700332963374027;30.50793650793651;37.44444444444444;0;21.671641791044777;9.6875;10;17.590476190476192;0;20;0;0;20;1127;32.65661047027507;140;679;246;574;553;305;110;31;182;0.45901639344262296;1.0459016393442624;1.0459016393442624
174;Texcoco Centro-Chapingo;5572;6;71;3;993;120;1;2361;1733;51;4;0;76;7;0;137;2;6;0;1;0;27.5;61.29577464788732;93.33333333333333;29.181268882175228;25.125;10;11.570520965692504;30.95383727639931;37.549019607843135;31.25;0;19.013157894736842;9.428571428571429;0;18.919708029197082;42.5;48.333333333333336;0;30;0;1023;33.36168132942326;233;475;264;513;510;289;146;30;111;0.5916955017301038;0.5640138408304498;0.5640138408304498
175;San Miguel Tlaixpan;3884;2;77;2;493;71;0;2190;920;59;6;0;18;7;5;29;4;0;1;0;0;30;69.8051948051948;15;30.261663286004058;18.422535211267604;0;14.893607305936072;31.12391304347826;33.898305084745765;23.333333333333332;0;27.77777777777778;17.142857142857142;60;19.482758620689655;8;0;20;0;0;1105;32.61085972850679;101;716;222;558;547;289;126;10;49;0.5155709342560554;0.22145328719723184;0.22145328719723184
176;El Sol;3960;13;35;25;373;127;10;1727;978;314;34;0;55;179;2;75;0;10;0;0;3;25.76923076923077;36.285714285714285;34.4;33.9544235924933;15.291338582677165;9.8;11.544296467863347;27.62678936605317;42.703821656050955;27.058823529411764;0;17.4;8.614525139664805;20;28.14666666666667;0;36;0;0;18.333333333333332;1063;32.11665098777046;112;641;262;547;516;285;93;24;89;0.40350877192982454;0.44912280701754387;0.44912280701754387
177;Juárez Pantitlán-Mercado de Carne;3418;4;24;38;315;60;8;1578;858;339;55;0;17;16;0;90;2;2;4;2;6;52.5;40.833333333333336;33.94736842105263;39.79047619047619;16.916666666666668;13.125;11.873257287705957;26.74125874125874;36.94690265486726;35.32727272727273;0;19.705882352941178;12.1875;0;20.344444444444445;75;30;22.5;37.5;45;1007;36.67328699106256;144;556;268;523;484;281;102;16;87;0.4128113879003559;0.3879003558718861;0.3879003558718861
178;Mercado Pirules;3176;5;7;6;252;48;1;1754;748;187;35;0;25;26;2;77;0;1;0;0;2;33;48.57142857142857;51.666666666666664;41.62698412698413;18.4375;20;11.483466362599772;25.553475935828878;41.01604278074866;35.42857142857143;0;23.2;9.846153846153847;90;24.415584415584416;0;40;0;0;10;928;36.83081896551724;139;491;265;490;438;277;77;8;59;0.3104693140794224;0.296028880866426;0.296028880866426
179;Ayuntamiento de Nezahualcóyotl;3884;11;11;7;332;76;13;1902;1052;244;50;0;42;36;0;101;0;5;1;0;1;40;67.72727272727273;41.42857142857143;36.98795180722892;21.223684210526315;15.384615384615385;10.583596214511042;26.55133079847909;40.57786885245902;25.04;0;28.404761904761905;12;0;25.821782178217823;0;26;20;0;15;1059;34.99811142587347;132;601;285;550;509;284;100;22;84;0.39436619718309857;0.3767605633802817;0.3767605633802817
180;Benito Juárez;3161;15;10;10;325;52;11;1416;826;192;122;0;38;34;2;95;2;8;2;1;0;27;68.5;45;38.716923076923074;20.03846153846154;18.636363636363637;12.288841807909604;27.058111380145277;41.067708333333336;27.991803278688526;0;17;13.088235294117647;50;27.094736842105263;20;27.5;25;15;0;991;36.18365287588295;162;542;253;518;473;278;93;24;68;0.3776978417266187;0.302158273381295;0.302158273381295
181;Metropolitana;3186;8;28;10;300;66;13;1410;886;238;39;0;25;85;0;59;0;4;7;6;2;36.875;49.285714285714285;34.5;43.95;24.772727272727273;9.23076923076923;10.71985815602837;27.80022573363431;43.19747899159664;29.102564102564102;0;28.2;9.2470588235294109;0;28.64406779661017;0;32.5;26.428571428571427;30.833333333333332;30;1133;35.70785525154457;200;599;278;606;527;281;96;14;58;0.4128113879003559;0.2775800711743772;0.2775800711743772
182;La Perla;4093;8;11;30;356;79;49;1969;1075;284;29;0;30;65;1;91;1;4;2;6;3;27.5;88.18181818181819;33.333333333333336;36.59550561797753;22.10126582278481;11.122448979591837;11.248857287963434;29.05674418604651;42.63028169014085;33.62068965517241;0;24.333333333333332;9.815384615384616;10;22.483516483516482;20;43.75;20;25;23.333333333333332;1099;34.526842584167426;131;643;262;578;521;284;83;14;58;0.31690140845070425;0.2535211267605634;0.2535211267605634
183;CC Plaza Neza;2818;8;14;12;169;82;20;1300;876;197;24;0;40;28;1;43;3;1;0;0;0;40;73.92857142857143;39.166666666666664;42.0414201183432;19.548780487804876;13.1;11.753076923076923;29.35730593607306;40.3502538071066;31.458333333333332;0;23.125;10.357142857142858;10;25.232558139534884;66.66666666666667;40;0;0;0;956;36.57635983263598;90;589;250;481;475;274;58;18;69;0.22262773722627738;0.3029197080291971;0.3029197080291971
184;Parque Industrial Izcalli;3210;4;12;19;174;86;11;1593;867;274;19;0;45;78;0;24;0;0;2;1;1;25;44.166666666666664;54.473684210526315;36.258620689655174;19.72093023255814;11.818181818181818;12.362209667294414;31.36101499423299;46.456204379562045;33.1578947368421;0;23.22222222222222;15.256410256410257;0;28.208333333333332;0;0;20;15;55;965;34.997927461139895;110;573;236;496;469;274;71;15;66;0.2737226277372263;0.29927007299270075;0.29927007299270075
185;San Lorenzo-Xochitenco;3427;0;14;9;171;60;2;1749;900;269;99;0;34;30;5;77;0;3;0;0;5;0;53.57142857142857;35;42.44444444444444;27.916666666666668;7.5;14.022298456260721;36.3;42.62081784386617;36.23232323232323;0;29.88235294117647;14.5;12;18.5974025974026;0;18.333333333333332;0;0;19.8;1199;30.377814845704755;104;771;253;628;571;297;75;21;77;0.26936026936026936;0.3602693602693603;0.3602693602693603
186;CC Patio Chimalhuacán-Barrio La Rosita;3436;1;16;13;210;98;0;1673;838;282;117;0;30;84;0;64;6;4;0;0;0;20;46.875;52.15384615384615;44.57142857142857;18.540816326530614;0;12.07053197848177;35.59069212410501;37.765957446808514;31.76068376068376;0;23.233333333333334;14.476190476190476;0;22.375;48.333333333333336;36.25;0;0;0;1147;30.59372275501308;87;728;257;579;568;287;81;24;105;0.313588850174216;0.5156794425087108;0.5156794425087108
187;Barrio Labradores-Jardines Acuitlapilco;3621;7;21;9;137;128;1;1825;881;339;69;0;40;121;0;20;11;2;4;5;1;27.857142857142858;69.76190476190476;35.55555555555556;32.62043795620438;18.6640625;15;13.576438356164383;41.69125993189557;37.29793510324484;36.42028985507246;0;18.5;16.429752066115704;0;24;15.909090909090908;40;20;28;15;1280;28.4015625;67;908;213;657;623;316;63;26;149;0.2120253164556962;0.6424050632911392;0.6424050632911392
188;Talladores-Central de Abastos Chicoloapan;4318;11;16;12;238;203;0;2062;836;288;300;0;92;177;1;64;4;3;5;0;6;11.727272727272727;60.625;37.916666666666664;44.26470588235294;18.620689655172413;0;13.986905916585838;33.165071770334926;40.75347222222222;42.28333333333333;0;25.98913043478261;13.225988700564972;50;20.0625;20;38.333333333333336;25;0;23.333333333333332;1158;29.179620034542314;89;752;245;566;592;299;76;39;140;0.2809364548494983;0.6722408026755853;0.6722408026755853
189;Chicoloapan de Juárez;3223;7;19;22;411;54;3;1300;1085;157;11;0;52;48;2;46;0;4;0;0;2;21.428571428571427;53.421052631578945;39.77272727272727;40.98783454987834;24.703703703703702;6.666666666666667;12.508461538461539;38.997235023041476;43.853503184713375;39.09090909090909;0;31.442307692307693;13.645833333333334;20;17.130434782608695;0;17.5;0;0;25;1050;30.16095238095238;144;490;335;565;485;294;119;28;61;0.445578231292517;0.2619047619047619;0.2619047619047619
190;Santa María Nativitas;5084;4;7;5;276;71;1;2939;1242;272;18;0;40;152;4;45;2;3;0;0;3;21;64.28571428571429;64;43.0036231884058;21.830985915492956;15;11.984688669615515;36.729468599033815;43.161764705882355;31.38888888888889;0;27.45;13.875;10;22.555555555555557;20;40;0;0;26.666666666666668;1333;29.257314328582147;83;915;239;679;654;326;79;28;96;0.27300613496932513;0.4263803680981595;0.4263803680981595
192;Valle de los Reyes;4768;13;23;9;312;75;2;2579;1249;265;13;0;57;58;2;101;0;2;1;3;4;48.07692307692308;57.17391304347826;49.77777777777778;33.631410256410255;18.893333333333334;10;11.86002326483133;29.87510008006405;53.66792452830189;33.46153846153846;0;26.228070175438596;14.172413793103448;55;22.594059405940595;0;20;15;46.666666666666664;16.25;985;33.42944162436548;82;595;247;517;468;279;77;22;90;0.27956989247311825;0.37992831541218636;0.37992831541218636
193;Metro La Paz-Los Reyes;3994;2;21;18;210;6;2;2036;1249;328;11;0;29;22;6;50;0;0;2;0;2;50;79.28571428571429;47.5;39.661904761904765;20.833333333333332;12.5;12.650785854616895;29.77982385908727;56;40.45454545454545;0;24.655172413793103;9.5;34.166666666666664;25.84;0;0;50;0;12;1049;29.041944709246902;60;684;232;538;511;285;63;15;16;0.25263157894736843;0.06666666666666667;0.06666666666666667
194;CEDIS San Gregorio-Cerro El Elefante;3645;0;34;9;222;111;27;1978;912;166;16;0;15;97;0;49;1;2;3;0;3;0;51.11764705882353;39.44444444444444;38.914414414414416;21.324324324324323;12.481481481481481;12.74721941354904;33.23026315789474;42.83132530120482;31.5625;0;16;11.484536082474227;0;23.306122448979593;20;17.5;25;0;18.333333333333332;1032;33.707364341085274;82;666;231;540;492;288;87;16;118;0.3368055555555556;0.6076388888888888;0.6076388888888888
195;Geovillas de Ayotla-Unión Antorchista;4760;2;14;15;233;38;13;2752;1311;263;8;0;12;44;5;46;0;4;0;0;0;35;50;50;36.433476394849784;24.605263157894736;10.384615384615385;11.502543604651162;26.736842105263158;63.756653992395435;30;0;34.583333333333336;8.636363636363637;56;22.17391304347826;0;37.5;0;0;0;1103;32.213055303717134;92;674;262;571;532;308;77;12;39;0.2727272727272727;0.13636363636363635;0.13636363636363635
196;Ixtapaluca centro-Acozac;4792;0;15;23;414;119;65;2148;1507;232;17;0;73;81;2;80;1;10;0;1;4;0;74.26666666666667;34.34782608695652;42.06521739130435;21.470588235294116;12.215384615384615;11.228119180633147;32.479097544790974;48.7198275862069;43.411764705882355;0;23.17808219178082;7.888888888888889;60;23.7875;30;36.5;0;30;26.25;1083;30.010156971375807;127;571;309;555;528;288;101;22;99;0.3888888888888889;0.5069444444444444;0.5069444444444444
197;Pueblos de Ixtapaluca;3520;3;33;14;283;39;8;1961;876;162;12;0;26;6;19;62;0;14;2;0;0;11.666666666666666;56.666666666666664;34.642857142857146;35.10600706713781;22.53846153846154;8.75;13.039775624681285;38.12100456621005;40.4320987654321;27.916666666666668;0;21.576923076923077;8.333333333333334;75.78947368421052;22.467741935483872;0;22.714285714285715;10;0;0;1121;30.248884924174845;95;682;275;572;549;294;91;17;49;0.35374149659863946;0.19047619047619047;0.19047619047619047
198;CC Sendero y Galerías Ixtapaluca;3633;4;22;22;405;113;131;1703;949;164;11;0;23;24;3;41;0;13;2;1;2;23.75;32.5;31.772727272727273;39.069135802469134;20.04424778761062;12.664122137404581;11.344098649442161;35.24762908324552;37.49390243902439;28.636363636363637;0;14.565217391304348;9.875;60;26.463414634146343;0;35.38461538461539;22.5;30;20;1030;32.21165048543689;135;521;319;515;515;297;113;14;131;0.4006734006734007;0.622895622895623;0.622895622895623
199;CC Sendero Valle de Chalco-Santiago;3497;5;156;22;190;107;12;1785;749;207;6;0;38;131;0;80;0;4;1;1;3;17;46.89102564102564;48.18181818181818;31.88421052631579;20.794392523364486;9.666666666666666;13.539495798319328;32.65687583444593;38.57971014492754;33.333333333333336;0;19.473684210526315;13.648854961832061;0;18.275;0;18.75;40;20;35;1109;29.996393146979262;65;781;192;567;542;283;46;26;104;0.17314487632508835;0.508833922261484;0.508833922261484
200;Alfredo Baranda;3598;5;72;14;228;161;23;1807;797;275;10;0;42;104;1;52;0;1;3;2;1;18;63.958333333333336;57.857142857142854;34.74561403508772;17.48447204968944;10.478260869565217;12.186496956281129;40.079046424090336;41.21818181818182;20;0;18.214285714285715;13.60576923076923;20;23.23076923076923;0;30;23.333333333333332;30;15;1144;31.138986013986013;69;786;218;573;571;289;57;22;115;0.22491349480968859;0.5778546712802768;0.5778546712802768
201;Xico;3080;0;227;3;157;125;7;1597;545;167;11;0;41;124;1;73;0;0;0;0;2;0;58.06607929515418;95;37.10191082802548;15.392;17.142857142857142;12.634940513462743;32.73577981651376;41.58682634730539;33.36363636363637;0;25.78048780487805;14.411290322580646;20;23.534246575342465;0;0;0;0;52.5;1035;31.477294685990337;54;695;228;513;522;277;67;30;133;0.2851985559566787;0.7220216606498195;0.7220216606498195
202;San Miguel Jacalones;3204;6;87;6;191;128;14;1671;767;198;14;0;22;41;0;49;0;1;4;0;5;24;68.58620689655173;65;40.15706806282723;20.78125;18.571428571428573;11.789347695990426;38.86049543676663;34.207070707070706;33.285714285714285;0;16.954545454545453;10.829268292682928;0;18.73469387755102;0;120;32.5;0;23;1019;30.31403336604514;80;667;202;511;508;279;79;23;122;0.30824372759856633;0.6057347670250897;0.6057347670250897
203;Chalco de Díaz Covarrubias;6040;8;128;16;433;231;34;3192;1521;175;10;0;45;19;2;205;9;0;3;4;5;26.875;67.65625;27.5;35.069284064665126;22.354978354978353;16.264705882352942;12.31140350877193;32.2077580539119;38.08571428571429;22.5;0;27.2;11.052631578947368;120;18.44878048780488;32.22222222222222;0;36.666666666666664;33.75;22;1094;31.421389396709323;80;720;228;566;528;293;76;22;135;0.3037542662116041;0.6484641638225256;0.6484641638225256
204;San Martín Cuautlalpan;2832;1;29;3;161;47;3;1617;754;129;6;0;11;2;10;40;7;6;2;2;2;10;61.55172413793103;43.333333333333336;54.62732919254658;21.595744680851062;15;14.959802102659246;36.0079575596817;45.3875968992248;25;0;24.272727272727273;10;54.5;16.675;35;17.166666666666668;45;32.5;35;1020;30.46372549019608;67;593;292;523;497;291;73;10;65;0.27147766323024053;0.30927835051546393;0.30927835051546393
205;San Gregorio-Tlalmanalco;3475;0;102;1;238;31;1;1942;829;86;1;0;10;14;3;210;4;0;3;0;0;0;65.36274509803921;35;34.99159663865546;29.838709677419356;8;13.777548918640576;28.751507840772014;36.80232558139535;70;0;17.5;7.5;85;16.61904761904762;52.5;0;50;0;0;1130;33.087610619469025;104;700;250;591;539;318;76;12;89;0.2672955974842767;0.3805031446540881;0.3805031446540881
206;Industrial Chalco-Tenango del Aire;2883;1;16;3;154;65;2;1563;901;96;0;0;5;8;10;46;9;4;0;0;0;10;73.625;50;43.714285714285715;29.092307692307692;20;15.818937939859245;36.11098779134295;35.208333333333336;0;0;23.2;6.875;56;29;26.666666666666668;10;0;0;0;1170;30.630769230769232;81;725;289;587;583;298;52;9;109;0.18791946308724833;0.5436241610738255;0.5436241610738255
207;Tramo Amecameca-Cuautla;3481;1;21;2;246;111;53;2175;725;26;2;0;8;1;22;88;0;0;0;0;0;10;86.14285714285714;25;32.63821138211382;15.513513513513514;14.471698113207546;15.591724137931035;28.893793103448274;27.076923076923077;30;0;20;5;59.54545454545455;15.534090909090908;0;0;0;0;0;1250;31.9328;114;793;259;646;604;304;85;8;95;0.33223684210526316;0.4407894736842105;0.4407894736842105
300;Tizayuca;4642;0;400;0;664;185;0;2414;755;61;16;0;66;2;5;46;8;19;1;0;0;0;56.26;0;30.109939759036145;20.57837837837838;0;11.88318144159072;23.06225165562914;37.131147540983605;30;0;11.666666666666666;5;45;19.434782608695652;36.875;27.36842105263158;20;0;0;1036;31.223938223938223;122;593;261;546;490;283;116;22;72;0.45229681978798586;0.3992932862190813;0.3992932862190813
191;Lomas de Buena Vista-Sta Rosa;3463;4;22;6;207;91;2;1720;1076;190;14;0;46;41;4;37;1;2;0;0;0;18.75;50.22727272727273;42.5;47.405797101449274;20.285714285714285;7.5;12.840116279069768;42.20539033457249;47.526315789473685;40;0;29.956521739130434;14.512195121951219;30;21.027027027027028;80;32.5;0;0;0;1197;29.994152046783626;81;796;232;614;583;305;70;19;86;0.26885245901639343;0.39344262295081966;0.39344262295081966
